bond_id:ID,:LABEL,bond_text_raw,bond_signature,anomericity,donor_residue,acceptor_position
bond:a7301c11d9f4,GlycosidicBond,╬▒-GalA-(1ŌåÆ4),╬▒-GalA-(1ŌåÆ4),,,
bond:9ef0e89bad3c,GlycosidicBond,╬▓-Galp-(1ŌåÆ6),╬▓-Galp-(1ŌåÆ6),,,
bond:666c5efc54b1,GlycosidicBond,╬▒-Arap-(1ŌåÆ5),╬▒-Arap-(1ŌåÆ5),,,
bond:432da5937745,GlycosidicBond,"╬▓-Glcp-(1ŌåÆ4,6)","╬▓-Glcp-(1ŌåÆ4,6)",,,
bond:7eb0181e5395,GlycosidicBond,╬▒-Araf-(1ŌåÆ3),╬▒-Araf-(1ŌåÆ3),,,
bond:fed568ac0d58,GlycosidicBond,╬▒-Araf-(1ŌåÆ5),╬▒-Araf-(1ŌåÆ5),,,
bond:6dac55dd4b54,GlycosidicBond,"╬▒-Araf-(1ŌåÆ3,5)","╬▒-Araf-(1ŌåÆ3,5)",,,
bond:6860798aab5e,GlycosidicBond,╬▒-Araf-(1ŌåÆ2),╬▒-Araf-(1ŌåÆ2),,,
bond:05ccd11fb583,GlycosidicBond,"╬▒-Rhap-(1ŌåÆ2,4)","╬▒-Rhap-(1ŌåÆ2,4)",,,
bond:0391cd25bbaf,GlycosidicBond,╬▒-Rhap-(1ŌåÆ4),╬▒-Rhap-(1ŌåÆ4),,,
bond:15c5899bdb60,GlycosidicBond,╬▓-Galp-(1ŌåÆ4),╬▓-Galp-(1ŌåÆ4),,,
bond:b49a301d3721,GlycosidicBond,╬▓-Glcp-(1ŌåÆ6),╬▓-Glcp-(1ŌåÆ6),,,
bond:f9986e1d81b5,GlycosidicBond,"╬▒-Manp-(1ŌåÆ3,6)","╬▒-Manp-(1ŌåÆ3,6)",,,
bond:71846eee06cd,GlycosidicBond,"╬▒-Araf-(1ŌåÆ3,6)","╬▒-Araf-(1ŌåÆ3,6)",,,
bond:313e20ed1058,GlycosidicBond,"╬▓-Glcp-(1ŌåÆ2,6)","╬▓-Glcp-(1ŌåÆ2,6)",,,
bond:14d097721c42,GlycosidicBond,╬▓-Glcp-(1ŌåÆ3),╬▓-Glcp-(1ŌåÆ3),,,
bond:380ef2e4ac6d,GlycosidicBond,╬▓-Glcp-(1ŌåÆ4),╬▓-Glcp-(1ŌåÆ4),,,
bond:88a9bc17c010,GlycosidicBond,"╬▓-Glcp-(1ŌåÆ3,6)","╬▓-Glcp-(1ŌåÆ3,6)",,,
bond:568c1e7f2c49,GlycosidicBond,╬▓-Galp-(1ŌåÆ3),╬▓-Galp-(1ŌåÆ3),,,
bond:4927d2a793bf,GlycosidicBond,╬▒-Glcp-(1ŌåÆ4),╬▒-Glcp-(1ŌåÆ4),,,
bond:cc3d4eb4b5f1,GlycosidicBond,"╬▒-Glcp-(1ŌåÆ3,6)","╬▒-Glcp-(1ŌåÆ3,6)",,,
bond:49c88a83e4c2,GlycosidicBond,╬▒-Glcp-(1ŌåÆ6),╬▒-Glcp-(1ŌåÆ6),,,
bond:63f1f2cd5ec2,GlycosidicBond,"╬▓-Manp-(2ŌåÆ1,2)","╬▓-Manp-(2ŌåÆ1,2)",,,
bond:93c428812320,GlycosidicBond,╬▓-Manp-(6ŌåÆ1),╬▓-Manp-(6ŌåÆ1),,,
bond:5f6827a102d1,GlycosidicBond,╬▒-Manp-(4ŌåÆ1),╬▒-Manp-(4ŌåÆ1),,,
bond:7298acf1fa37,GlycosidicBond,╬▓-Glcp-(4ŌåÆ1),╬▓-Glcp-(4ŌåÆ1),,,
bond:b30e13089dee,GlycosidicBond,╬▒-Galp-(3ŌåÆ1),╬▒-Galp-(3ŌåÆ1),,,
bond:9205ba20a866,GlycosidicBond,"╬▓-Galp-(6ŌåÆ1,2)","╬▓-Galp-(6ŌåÆ1,2)",,,
bond:7fafe1effab1,GlycosidicBond,"╬▓-Manp-(3ŌåÆ1,3)","╬▓-Manp-(3ŌåÆ1,3)",,,
bond:3290b3f34adc,GlycosidicBond,╬▒-Galp-(1ŌåÆ5),╬▒-Galp-(1ŌåÆ5),,,
bond:eefdd65afc66,GlycosidicBond,"╬▓-Manf-(1ŌåÆ5,6)","╬▓-Manf-(1ŌåÆ5,6)",,,
bond:529d793ce9c9,GlycosidicBond,╬▓-Manf-(1ŌåÆ4),╬▓-Manf-(1ŌåÆ4),,,
bond:d7527f3c34fe,GlycosidicBond,╬▒-Glcp-(1ŌåÆ1),╬▒-Glcp-(1ŌåÆ1),,,
bond:1422dba28a18,GlycosidicBond,╬▓-Galf-(1ŌåÆ1),╬▓-Galf-(1ŌåÆ1),,,
bond:ee3b36648234,GlycosidicBond,╬▓-xylose-(1ŌåÆ4),╬▓-xylose-(1ŌåÆ4),,,
bond:b36dba22d2ee,GlycosidicBond,╬▒-Arap-(1ŌåÆ)3,╬▒-Arap-(1ŌåÆ)3,,,
bond:4341e8dcaf49,GlycosidicBond,╬▓-Manp-(1ŌåÆ4),╬▓-Manp-(1ŌåÆ4),,,
bond:6507e7302c35,GlycosidicBond,"╬▒-Galp-(4,6ŌåÆ1)","╬▒-Galp-(4,6ŌåÆ1)",,,
bond:f040c0dc3362,GlycosidicBond,╬▓-Araf-(5ŌåÆ1),╬▓-Araf-(5ŌåÆ1),,,
bond:9e772351c137,GlycosidicBond,╬▒-Xylp-(4ŌåÆ1),╬▒-Xylp-(4ŌåÆ1),,,
bond:c9e169e2ac4e,GlycosidicBond,╬▒-GlcA-(2ŌåÆ1),╬▒-GlcA-(2ŌåÆ1),,,
bond:c4533beb842e,GlycosidicBond,╬▒-Galp-(1ŌåÆ6),╬▒-Galp-(1ŌåÆ6),,,
bond:7c2c86b646c5,GlycosidicBond,╬▓-Arap-(1ŌåÆ2),╬▓-Arap-(1ŌåÆ2),,,
bond:5f5b8f9a3ede,GlycosidicBond,╬▓-GlcA-(1ŌåÆ4),╬▓-GlcA-(1ŌåÆ4),,,
bond:1931b27204fd,GlycosidicBond,"╬▓-Manp-(1ŌåÆ3,6)","╬▓-Manp-(1ŌåÆ3,6)",,,
bond:c1b10e35ea5c,GlycosidicBond,╬▒-Manp-(1ŌåÆ3),╬▒-Manp-(1ŌåÆ3),,,
bond:86a2d0abdf17,GlycosidicBond,"╬▒-Manp-(1ŌåÆ 2,6)","╬▒-Manp-(1ŌåÆ 2,6)",,,
bond:d1514ba18b2a,GlycosidicBond,"╬▒-GalA6Me-(1ŌåÆ3,4)","╬▒-GalA6Me-(1ŌåÆ3,4)",,,
bond:614d3667901f,GlycosidicBond,"╬▒-Arap-(1ŌåÆ3,6)","╬▒-Arap-(1ŌåÆ3,6)",,,
bond:a2cf9c45ddbf,GlycosidicBond,╬▒-Rhap-(1ŌåÆ2),╬▒-Rhap-(1ŌåÆ2),,,
bond:5d001718b32c,GlycosidicBond,╬▒-Araf-(3ŌåÆ5),╬▒-Araf-(3ŌåÆ5),,,
bond:ca969f5d253b,GlycosidicBond,"╬▒-Manp-(1ŌåÆ4,6)","╬▒-Manp-(1ŌåÆ4,6)",,,
bond:cc1677c585bf,GlycosidicBond,╬▒-Galp-(1ŌåÆ4),╬▒-Galp-(1ŌåÆ4),,,
bond:90e6645d4e3e,GlycosidicBond,╬▒-Glcp-(4ŌåÆ1),╬▒-Glcp-(4ŌåÆ1),,,
bond:ed446ca65aaf,GlycosidicBond,"╬▓-Galp-(1ŌåÆ4,6)","╬▓-Galp-(1ŌåÆ4,6)",,,
bond:70a9014cc23a,GlycosidicBond,"╬▒-Glcp-(1ŌåÆ1,4)","╬▒-Glcp-(1ŌåÆ1,4)",,,
bond:c4132e365903,GlycosidicBond,╬▒-Glcp-(6ŌåÆ1),╬▒-Glcp-(6ŌåÆ1),,,
bond:90e18407cfd8,GlycosidicBond,"╬▒-Glcp-(1ŌåÆ4,6)","╬▒-Glcp-(1ŌåÆ4,6)",,,
bond:bb61b5ac28c4,GlycosidicBond,╬▓-Galp-(1ŌåÆ2),╬▓-Galp-(1ŌåÆ2),,,
bond:d0c29fa08a4b,GlycosidicBond,╬▒-Manp-(1ŌåÆ2),╬▒-Manp-(1ŌåÆ2),,,
bond:7372fc450f24,GlycosidicBond,╬▓-GlcA-(1ŌåÆ6),╬▓-GlcA-(1ŌåÆ6),,,
bond:bf7035146e0d,GlycosidicBond,╬▒-Glcp-(1ŌåÆ3),╬▒-Glcp-(1ŌåÆ3),,,
bond:5eadc4236c1b,GlycosidicBond,╬▒-Xylp-(1ŌåÆ4),╬▒-Xylp-(1ŌåÆ4),,,
bond:9fc12cbd95c8,GlycosidicBond,╬▒-GalA-(1ŌåÆ6),╬▒-GalA-(1ŌåÆ6),,,
bond:b7480a2a6e50,GlycosidicBond,"╬▓-Galp-(1ŌåÆ3,4)","╬▓-Galp-(1ŌåÆ3,4)",,,
bond:0c9d302ed775,GlycosidicBond,"╬▒-Glcp-(1ŌåÆ3,5)","╬▒-Glcp-(1ŌåÆ3,5)",,,
bond:4e27cc9d4b72,GlycosidicBond,╬▓-Araf-(1ŌåÆ5),╬▓-Araf-(1ŌåÆ5),,,
bond:df3ba6c7ab0f,GlycosidicBond,╬▒-Manp-(1ŌåÆ6),╬▒-Manp-(1ŌåÆ6),,,
bond:54af7467d9e8,GlycosidicBond,╬▒-Araf-(1ŌåÆ6),╬▒-Araf-(1ŌåÆ6),,,
bond:ea382c001d13,GlycosidicBond,╬▒-Glcp-(1ŌåÆ5),╬▒-Glcp-(1ŌåÆ5),,,
bond:74b857aeb6e8,GlycosidicBond,╬▒-Araf-(1ŌåÆ4),╬▒-Araf-(1ŌåÆ4),,,
bond:35465f06d596,GlycosidicBond,╬▓-Araf-(1ŌåÆ4),╬▓-Araf-(1ŌåÆ4),,,
bond:f7e52b6f62cf,GlycosidicBond,"╬▓-Galp-(1ŌåÆ3,6)","╬▓-Galp-(1ŌåÆ3,6)",,,
bond:f1ce7ac79f7c,GlycosidicBond,"╬▓-Galp-(1ŌåÆ2,4)","╬▓-Galp-(1ŌåÆ2,4)",,,
bond:86524655e61a,GlycosidicBond,╬▒-Rhap-(1ŌåÆ6),╬▒-Rhap-(1ŌåÆ6),,,
bond:a6fd732a7854,GlycosidicBond,╬▒-Manp-(1ŌåÆ4),╬▒-Manp-(1ŌåÆ4),,,
bond:7b03d1db998b,GlycosidicBond,╬▓-Galp-(1ŌåÆ5),╬▓-Galp-(1ŌåÆ5),,,
bond:460faf5dd2e1,GlycosidicBond,╬▒-GlcA-(1ŌåÆ4),╬▒-GlcA-(1ŌåÆ4),,,
bond:95ce38c4f64b,GlycosidicBond,"╬▒-Galp-(1ŌåÆ2,3,6)","╬▒-Galp-(1ŌåÆ2,3,6)",,,
bond:9f98ef60c118,GlycosidicBond,╬▓-Arap-(1ŌåÆ4),╬▓-Arap-(1ŌåÆ4),,,
bond:38ac0a48d38f,GlycosidicBond,"╬▒-Manp-(1ŌåÆ2,6)","╬▒-Manp-(1ŌåÆ2,6)",,,
bond:ff7f51a102f8,GlycosidicBond,╬▒-Glcp-(1ŌåÆ2),╬▒-Glcp-(1ŌåÆ2),,,
bond:2a0addbdbf5e,GlycosidicBond,╬▒-Arap-(1ŌåÆ3),╬▒-Arap-(1ŌåÆ3),,,
bond:5d6031860a51,GlycosidicBond,"╬▒-Rhap-(1ŌåÆ3,5)","╬▒-Rhap-(1ŌåÆ3,5)",,,
bond:0c014ec4a783,GlycosidicBond,╬▓-Glcp-(1ŌåÆ1),╬▓-Glcp-(1ŌåÆ1),,,
bond:060c5a040bff,GlycosidicBond,╬▓-Galp-(4ŌåÆ6),╬▓-Galp-(4ŌåÆ6),,,
bond:795c789abba0,GlycosidicBond,╬▒-Galp-(1ŌåÆ3),╬▒-Galp-(1ŌåÆ3),,,
bond:1780e3ec8d43,GlycosidicBond,╬▒-Rhap-(1ŌåÆ5),╬▒-Rhap-(1ŌåÆ5),,,
bond:31f8a855b569,GlycosidicBond,╬▓-GalNAc-(1ŌåÆ3),╬▓-GalNAc-(1ŌåÆ3),,,
bond:10bb269dca4b,GlycosidicBond,╬▒-Galp-(1ŌåÆ2),╬▒-Galp-(1ŌåÆ2),,,
bond:766543d51514,GlycosidicBond,╬▒-Galp-(1ŌåÆ1),╬▒-Galp-(1ŌåÆ1),,,
bond:55190cce9a79,GlycosidicBond,╬▓-Arap-(1ŌåÆ3),╬▓-Arap-(1ŌåÆ3),,,
bond:bfe675f72c33,GlycosidicBond,╬▓-Fruf-(2ŌåÆ1),╬▓-Fruf-(2ŌåÆ1),,,
bond:e8446832bddb,GlycosidicBond,╬▓-Fruf-(2ŌåÆ6),╬▓-Fruf-(2ŌåÆ6),,,
bond:0432387e810d,GlycosidicBond,╬▓-Glcp-(1ŌåÆ5),╬▓-Glcp-(1ŌåÆ5),,,
bond:b160d69f5b9a,GlycosidicBond,╬▓-Araf-(1ŌåÆ3),╬▓-Araf-(1ŌåÆ3),,,
bond:a5fd3418d39b,GlycosidicBond,╬▓-Araf-(1ŌåÆ6),╬▓-Araf-(1ŌåÆ6),,,
bond:f2bff9b4a3ca,GlycosidicBond,╬▓-Galp-(1ŌåÆ1),╬▓-Galp-(1ŌåÆ1),,,
bond:fdd1577d13e6,GlycosidicBond,╬▒-Fucp-(1ŌåÆ3),╬▒-Fucp-(1ŌåÆ3),,,
bond:b5f52a9d6b9f,GlycosidicBond,╬▒-Fucp-(3ŌåÆ4),╬▒-Fucp-(3ŌåÆ4),,,
bond:7c5ec48130f5,GlycosidicBond,╬▒-Xylp-(1ŌåÆ3),╬▒-Xylp-(1ŌåÆ3),,,
bond:445bfbdae87b,GlycosidicBond,╬▒-Glcp-(6ŌåÆ6),╬▒-Glcp-(6ŌåÆ6),,,
bond:d59313a1cdad,GlycosidicBond,╬▓-Xylp-(1ŌåÆ5),╬▓-Xylp-(1ŌåÆ5),,,
bond:7a5ff602584c,GlycosidicBond,╬▒-Galp-(4ŌåÆ2),╬▒-Galp-(4ŌåÆ2),,,
bond:42a38aee9c46,GlycosidicBond,╬▒-Manp-(3ŌåÆ2),╬▒-Manp-(3ŌåÆ2),,,
bond:f71e000d8f88,GlycosidicBond,╬▒-Glcp-(3ŌåÆ2),╬▒-Glcp-(3ŌåÆ2),,,
bond:0ad0bbd820ab,GlycosidicBond,╬▓-Fruf-(2ŌåÆ4),╬▓-Fruf-(2ŌåÆ4),,,
bond:bf71a7aff854,GlycosidicBond,╬▓-Manp-(1ŌåÆ6),╬▓-Manp-(1ŌåÆ6),,,
bond:d5688f33a6b5,GlycosidicBond,╬▓-GalA-(1ŌåÆ4),╬▓-GalA-(1ŌåÆ4),,,
bond:5f2ab68039eb,GlycosidicBond,╬▓-Calp-(1ŌåÆ6),╬▓-Calp-(1ŌåÆ6),,,
bond:c63fd005fdf7,GlycosidicBond,"╬▓-Glcp-(1,4ŌåÆ6)","╬▓-Glcp-(1,4ŌåÆ6)",,,
bond:5e2fb8528c5d,GlycosidicBond,╬▒-Rhap-(1ŌåÆ3),╬▒-Rhap-(1ŌåÆ3),,,
bond:f203a0521c15,GlycosidicBond,"╬▓-Araf-(1ŌåÆ3,6)","╬▓-Araf-(1ŌåÆ3,6)",,,
bond:f9d1b83d223b,GlycosidicBond,╬▓-Glcp-(1ŌåÆ2),╬▓-Glcp-(1ŌåÆ2),,,
bond:2c50aac98384,GlycosidicBond,╬▒-Rhap-(1ŌåÆ1),╬▒-Rhap-(1ŌåÆ1),,,
bond:d4505143343f,GlycosidicBond,╬▒-Manp-(1ŌåÆ1),╬▒-Manp-(1ŌåÆ1),,,
bond:273908c0f6c5,GlycosidicBond,╬▒-Fucp-(1ŌåÆ2),╬▒-Fucp-(1ŌåÆ2),,,
bond:7a1268cbac00,GlycosidicBond,╬▓-Rhap-(1ŌåÆ4),╬▓-Rhap-(1ŌåÆ4),,,
bond:18b0533801bc,GlycosidicBond,╬▒-Arap-(1ŌåÆ6),╬▒-Arap-(1ŌåÆ6),,,
bond:918a3fca45f1,GlycosidicBond,"╬▒-Galp-(1ŌåÆ2,6)","╬▒-Galp-(1ŌåÆ2,6)",,,
bond:54d12405c466,GlycosidicBond,╬▒-Araf-(1ŌåÆ1),╬▒-Araf-(1ŌåÆ1),,,
bond:f379da5a552f,GlycosidicBond,╬▓-GalpA-(1ŌåÆ1),╬▓-GalpA-(1ŌåÆ1),,,
bond:634559d23c75,GlycosidicBond,"╬▓-Araf-(1ŌåÆ2,5)","╬▓-Araf-(1ŌåÆ2,5)",,,
bond:c292f4468df2,GlycosidicBond,"╬▒-Glcp-(1ŌåÆ3,4,6)","╬▒-Glcp-(1ŌåÆ3,4,6)",,,
bond:a8567f78d6b0,GlycosidicBond,╬▓-Galp-(3ŌåÆ4),╬▓-Galp-(3ŌåÆ4),,,
bond:d46f89a5ae3a,GlycosidicBond,╬▓-GlcA-(1ŌåÆ3),╬▓-GlcA-(1ŌåÆ3),,,
bond:ce7f7746c2a3,GlycosidicBond,╬▓-Xylp-(1ŌåÆ1),╬▓-Xylp-(1ŌåÆ1),,,
bond:1cf6f408b486,GlycosidicBond,╬▒-Rhap-(2ŌåÆ1),╬▒-Rhap-(2ŌåÆ1),,,
bond:ed856b8982bd,GlycosidicBond,╬▓-GalA-(4ŌåÆ1),╬▓-GalA-(4ŌåÆ1),,,
bond:e75b03bc8c93,GlycosidicBond,╬▓-Galp-(6ŌåÆ1),╬▓-Galp-(6ŌåÆ1),,,
bond:07734cab59c1,GlycosidicBond,"╬▒-GalA-(1ŌåÆ2,4)","╬▒-GalA-(1ŌåÆ2,4)",,,
bond:4a28e92093df,GlycosidicBond,╬▒-Galp-(6ŌåÆ1),╬▒-Galp-(6ŌåÆ1),,,
bond:9a13b3a52b96,GlycosidicBond,╬▓-Glcp-(3ŌåÆ1),╬▓-Glcp-(3ŌåÆ1),,,
bond:b4f5574ecf7c,GlycosidicBond,╬▓-Glcp-(6ŌåÆ1),╬▓-Glcp-(6ŌåÆ1),,,
bond:93430e2d2106,GlycosidicBond,╬▓-Manp-(4ŌåÆ1),╬▓-Manp-(4ŌåÆ1),,,
bond:53e234ed4377,GlycosidicBond,"╬▒-Galp-(1ŌåÆ3,6)","╬▒-Galp-(1ŌåÆ3,6)",,,
bond:6da40683a440,GlycosidicBond,╬▒-Manp-(2ŌåÆ1),╬▒-Manp-(2ŌåÆ1),,,
bond:56124e06b5e3,GlycosidicBond,"╬▓-Glcp-(1ŌåÆ1,2,3,5)","╬▓-Glcp-(1ŌåÆ1,2,3,5)",,,
bond:85081897ceba,GlycosidicBond,╬▒-Arap-(1ŌåÆ4),╬▒-Arap-(1ŌåÆ4),,,
bond:a5a1eb0e26c6,GlycosidicBond,"╬▓-GalA-(1ŌåÆ4,6)","╬▓-GalA-(1ŌåÆ4,6)",,,
bond:04f7be0fa1f9,GlycosidicBond,"╬▓-Glcp-(1ŌåÆ2,3,4)","╬▓-Glcp-(1ŌåÆ2,3,4)",,,
bond:98293c8d4203,GlycosidicBond,"╬▒-Araf-(1ŌåÆ2,3,5)","╬▒-Araf-(1ŌåÆ2,3,5)",,,
bond:8173ed5c105d,GlycosidicBond,╬▒-Rhap-(4ŌåÆ4),╬▒-Rhap-(4ŌåÆ4),,,
bond:a073c3596ba2,GlycosidicBond,"╬▓-Xylp-(1ŌåÆ3,5)","╬▓-Xylp-(1ŌåÆ3,5)",,,
bond:8fba4b0ffdf2,GlycosidicBond,"╬▒-Araf-(1ŌåÆ2,5)","╬▒-Araf-(1ŌåÆ2,5)",,,
bond:515b386864b0,GlycosidicBond,"╬▒-Araf-(1ŌåÆ2,4)","╬▒-Araf-(1ŌåÆ2,4)",,,
bond:e720bff3aa82,GlycosidicBond,╬▓-Rhap-(1ŌåÆ2),╬▓-Rhap-(1ŌåÆ2),,,
bond:afcb57d93026,GlycosidicBond,╬▒-Xylp-(1ŌåÆ5),╬▒-Xylp-(1ŌåÆ5),,,
bond:604e5274b07f,GlycosidicBond,"╬▓-Glcp-(1ŌåÆ1,4)","╬▓-Glcp-(1ŌåÆ1,4)",,,
bond:1bdfce9e6e71,GlycosidicBond,╬▒-Xylp-(1ŌåÆ6),╬▒-Xylp-(1ŌåÆ6),,,
bond:f37f66695cf2,GlycosidicBond,╬▓-Fucp-(1ŌåÆ4),╬▓-Fucp-(1ŌåÆ4),,,
bond:50110affee54,GlycosidicBond,╬▒-Fucp-(1ŌåÆ4),╬▒-Fucp-(1ŌåÆ4),,,
bond:86410a03475b,GlycosidicBond,"╬▒-Fucp-(1ŌåÆ3,4)","╬▒-Fucp-(1ŌåÆ3,4)",,,
bond:754b5ec2f85e,GlycosidicBond,╬▒-Manp-(3ŌåÆ1),╬▒-Manp-(3ŌåÆ1),,,
bond:3a9e93a55643,GlycosidicBond,"╬▒-Rhap-(1ŌåÆ2,3)","╬▒-Rhap-(1ŌåÆ2,3)",,,
bond:49d108f64b89,GlycosidicBond,"╬▓-Galp-(1ŌåÆ2,3)","╬▓-Galp-(1ŌåÆ2,3)",,,
bond:f69414b2bdae,GlycosidicBond,╬▓-GlcA-(1ŌåÆ5),╬▓-GlcA-(1ŌåÆ5),,,
bond:ddf418e6615a,GlycosidicBond,"╬▓-Fucp-(1ŌåÆ3,4)","╬▓-Fucp-(1ŌåÆ3,4)",,,
bond:c9ad9f965fd3,GlycosidicBond,╬▓-Xylp-(1ŌåÆ4),╬▓-Xylp-(1ŌåÆ4),,,
bond:17e94e3f5d61,GlycosidicBond,╬▒-GalA-(1ŌåÆ2),╬▒-GalA-(1ŌåÆ2),,,
bond:946c6b484b2f,GlycosidicBond,╬▒-Fucp-(1ŌåÆ6),╬▒-Fucp-(1ŌåÆ6),,,
bond:24e8e2ea62c4,GlycosidicBond,"╬▓-Glcp-(6ŌåÆ1,4)","╬▓-Glcp-(6ŌåÆ1,4)",,,
bond:dd9adce61c74,GlycosidicBond,╬▒-Glcp-(3ŌåÆ1),╬▒-Glcp-(3ŌåÆ1),,,
bond:3597467d117b,GlycosidicBond,╬▒-Fucp-(3ŌåÆ1),╬▒-Fucp-(3ŌåÆ1),,,
bond:00d370debb4c,GlycosidicBond,╬▒-Arap-(2ŌåÆ1),╬▒-Arap-(2ŌåÆ1),,,
bond:2db1319f2af4,GlycosidicBond,╬▒-Xylp-(2ŌåÆ1),╬▒-Xylp-(2ŌåÆ1),,,
bond:f4e9a4061de7,GlycosidicBond,╬▓-Glcp-(2ŌåÆ1),╬▓-Glcp-(2ŌåÆ1),,,
bond:2870e73dba84,GlycosidicBond,╬▒-Glap-(1ŌåÆ4),╬▒-Glap-(1ŌåÆ4),,,
bond:49e49583f723,GlycosidicBond,"╬▓-Arap-(1ŌåÆ2,4)","╬▓-Arap-(1ŌåÆ2,4)",,,
bond:bfcece0ff75c,GlycosidicBond,"╬▓-Manp-(1ŌåÆ1,4)","╬▓-Manp-(1ŌåÆ1,4)",,,
bond:dfae910fb26b,GlycosidicBond,"╬▓-Manp-(1ŌåÆ3,4)","╬▓-Manp-(1ŌåÆ3,4)",,,
bond:ab31751fe89a,GlycosidicBond,╬▓-Manp-(1ŌåÆ3),╬▓-Manp-(1ŌåÆ3),,,
bond:6b651bb1f1b3,GlycosidicBond,"╬▓-Manp-(1ŌåÆ2,6)","╬▓-Manp-(1ŌåÆ2,6)",,,
bond:67f5f741bbdd,GlycosidicBond,╬▓-Glcp-(3ŌåÆ4),╬▓-Glcp-(3ŌåÆ4),,,
bond:c78d6185f575,GlycosidicBond,╬▓-Galp-(4ŌåÆ1),╬▓-Galp-(4ŌåÆ1),,,
bond:bf2fbb686e75,GlycosidicBond,a-Manp-(1ŌåÆ2),a-Manp-(1ŌåÆ2),,,
bond:868c6c5cf7ec,GlycosidicBond,╬▓-Glcp-(6ŌåÆ3),╬▓-Glcp-(6ŌåÆ3),,,
bond:838b1d56933e,GlycosidicBond,"╬▓-Galp-(1ŌåÆ2,3,6)","╬▓-Galp-(1ŌåÆ2,3,6)",,,
bond:270d80eabe11,GlycosidicBond,"╬▒-Galp-(1ŌåÆ4,6)","╬▒-Galp-(1ŌåÆ4,6)",,,
bond:5b8e9f052152,GlycosidicBond,╬▓-Xylf-(1ŌåÆ5),╬▓-Xylf-(1ŌåÆ5),,,
bond:d8192742044b,GlycosidicBond,"╬▒-Rhap-(1ŌåÆ1,3)","╬▒-Rhap-(1ŌåÆ1,3)",,,
bond:378fb166d5ab,GlycosidicBond,"╬▓-Galp-(1ŌåÆ1,6)","╬▓-Galp-(1ŌåÆ1,6)",,,
bond:2b1f12aade7b,GlycosidicBond,"╬▓-Galp-(1ŌåÆ1,3,6)","╬▓-Galp-(1ŌåÆ1,3,6)",,,
bond:917d2db28d7b,GlycosidicBond,"╬▓-Araf-(1ŌåÆ3,5)","╬▓-Araf-(1ŌåÆ3,5)",,,
bond:b1c4b85f5957,GlycosidicBond,"╬▓-Rhap-(1ŌåÆ2,4)","╬▓-Rhap-(1ŌåÆ2,4)",,,
bond:b118e6a51536,GlycosidicBond,"╬▒-Glcp-(1ŌåÆ1,6)","╬▒-Glcp-(1ŌåÆ1,6)",,,
bond:aa9ee762c70c,GlycosidicBond,"╬▓-Galp-(1ŌåÆ2,6)","╬▓-Galp-(1ŌåÆ2,6)",,,
bond:d02dc276d5c6,GlycosidicBond,"╬▓-Glcp-(1ŌåÆ3,4)","╬▓-Glcp-(1ŌåÆ3,4)",,,
bond:ad2b733c2210,GlycosidicBond,"╬▒-Rhap-(1ŌåÆ3,4)","╬▒-Rhap-(1ŌåÆ3,4)",,,
bond:68b3f5d253ba,GlycosidicBond,╬▓-Araf-(1ŌåÆ2),╬▓-Araf-(1ŌåÆ2),,,
bond:348e158f4bcf,GlycosidicBond,"╬▒-Glcp-(1ŌåÆ2,3)","╬▒-Glcp-(1ŌåÆ2,3)",,,
bond:e4b17ae08033,GlycosidicBond,"╬▒-Galp-(1ŌåÆ6,2)","╬▒-Galp-(1ŌåÆ6,2)",,,
bond:3447c84bc7ee,GlycosidicBond,"╬▒-Glcp-(1ŌåÆ6,4)","╬▒-Glcp-(1ŌåÆ6,4)",,,
bond:d86b8de45ad6,GlycosidicBond,╬▓-Araf-(1ŌåÆ1),╬▓-Araf-(1ŌåÆ1),,,
bond:ee1869bcbf26,GlycosidicBond,"╬▒-Glcp-(1ŌåÆ3,4)","╬▒-Glcp-(1ŌåÆ3,4)",,,
bond:e4b968d4c357,GlycosidicBond,"╬▓-Manp-(1ŌåÆ4,6)","╬▓-Manp-(1ŌåÆ4,6)",,,
bond:7b0a175417e5,GlycosidicBond,╬▓-Xylp-(1ŌåÆ6),╬▓-Xylp-(1ŌåÆ6),,,
bond:798c501d9ac2,GlycosidicBond,"╬▓-Fruf-(2ŌåÆ1,6)","╬▓-Fruf-(2ŌåÆ1,6)",,,
bond:7e88ae6fdd19,GlycosidicBond,"╬▒-GalA-(1ŌåÆ3,6)","╬▒-GalA-(1ŌåÆ3,6)",,,
bond:4b9ef0adccd5,GlycosidicBond,"╬▒-Arap-(1ŌåÆ3,5)","╬▒-Arap-(1ŌåÆ3,5)",,,
bond:e0da2d2ca283,GlycosidicBond,╬▓-GalNAc-(1ŌåÆ4),╬▓-GalNAc-(1ŌåÆ4),,,
bond:2eb9a582da6e,GlycosidicBond,╬▒-GlapA-(1ŌåÆ4),╬▒-GlapA-(1ŌåÆ4),,,
bond:8ec4ab74705e,GlycosidicBond,╬▒-Galp-(4ŌåÆ3),╬▒-Galp-(4ŌåÆ3),,,
bond:5dd42ea9dde3,GlycosidicBond,╬▒-Fucp-(4ŌåÆ1),╬▒-Fucp-(4ŌåÆ1),,,
bond:c2d24baa487a,GlycosidicBond,╬▒-Xylp-(3ŌåÆ1),╬▒-Xylp-(3ŌåÆ1),,,
bond:506531a62f78,GlycosidicBond,╬▒-Manp-(2ŌåÆ6),╬▒-Manp-(2ŌåÆ6),,,
bond:b6a65841220a,GlycosidicBond,╬▒-Galp-(2ŌåÆ6),╬▒-Galp-(2ŌåÆ6),,,
bond:b9c784ccce43,GlycosidicBond,"╬▒-Araf-(1ŌåÆ4,6)","╬▒-Araf-(1ŌåÆ4,6)",,,
bond:6d2cfe1315a9,GlycosidicBond,╬▒-GalN-(1ŌåÆ6),╬▒-GalN-(1ŌåÆ6),,,
bond:f45eefe7d97a,GlycosidicBond,╬▓-Fruf-(1ŌåÆ2),╬▓-Fruf-(1ŌåÆ2),,,
bond:10c1d3d12c76,GlycosidicBond,"╬▒-Glcp-(1,4ŌåÆ6)","╬▒-Glcp-(1,4ŌåÆ6)",,,
bond:5b93b6f263c7,GlycosidicBond,╬▓-Fucp-(1ŌåÆ6),╬▓-Fucp-(1ŌåÆ6),,,
bond:de45aedbb19c,GlycosidicBond,╬▓-Gal-(1ŌåÆ6),╬▓-Gal-(1ŌåÆ6),,,
bond:963246193132,GlycosidicBond,╬▓-Xylp-(1ŌåÆ2),╬▓-Xylp-(1ŌåÆ2),,,
bond:b6231a2220ce,GlycosidicBond,╬▓-Fru-(1ŌåÆ2),╬▓-Fru-(1ŌåÆ2),,,
bond:597fca0b6882,GlycosidicBond,"╬▒-Manp-(1ŌåÆ3,4)","╬▒-Manp-(1ŌåÆ3,4)",,,
bond:f142049b40b2,GlycosidicBond,╬▓-Manp-(1ŌåÆ2),╬▓-Manp-(1ŌåÆ2),,,
bond:31527a09c6a3,GlycosidicBond,╬▓-GlcA-(1ŌåÆ2),╬▓-GlcA-(1ŌåÆ2),,,
bond:d3f5d669f271,GlycosidicBond,╬▓-ManA-(1ŌåÆ4),╬▓-ManA-(1ŌåÆ4),,,
bond:bfa07aa92007,GlycosidicBond,╬▓-GalN-(1ŌåÆ5),╬▓-GalN-(1ŌåÆ5),,,
bond:3eaba7b38c7c,GlycosidicBond,╬▓-GalN-(1ŌåÆ3),╬▓-GalN-(1ŌåÆ3),,,
bond:4b0294eee218,GlycosidicBond,╬▒-Xylp-(5ŌåÆ1),╬▒-Xylp-(5ŌåÆ1),,,
bond:df0818e77031,GlycosidicBond,╬▒-Manp-(6ŌåÆ2),╬▒-Manp-(6ŌåÆ2),,,
bond:954ba96e899a,GlycosidicBond,╬▒-(1ŌåÆ4)-Glcp,╬▒-(1ŌåÆ4)-Glcp,,,
bond:1dfe3ee3778e,GlycosidicBond,╬▓-Manp-(1ŌåÆ1),╬▓-Manp-(1ŌåÆ1),,,
bond:73f3406882d4,GlycosidicBond,╬▒-Arap-(1ŌåÆ1),╬▒-Arap-(1ŌåÆ1),,,
bond:57880582867a,GlycosidicBond,"╬▒-Arap-(1ŌåÆ2,3,5)","╬▒-Arap-(1ŌåÆ2,3,5)",,,
bond:28660f05e3bc,GlycosidicBond,"╬▒-Manp-(1ŌåÆ2,3)","╬▒-Manp-(1ŌåÆ2,3)",,,
bond:75288be0fac1,GlycosidicBond,╬▒-Fucp-(1ŌåÆ1),╬▒-Fucp-(1ŌåÆ1),,,
bond:20a8d764fab6,GlycosidicBond,"╬▒-Manp-(1ŌåÆ2,4)","╬▒-Manp-(1ŌåÆ2,4)",,,
bond:c3c75faa7709,GlycosidicBond,╬▓-Xylp-(1ŌåÆ3),╬▓-Xylp-(1ŌåÆ3),,,
bond:e2efd56e07cf,GlycosidicBond,╬▓-D-Galp-(1ŌåÆ1),╬▓-D-Galp-(1ŌåÆ1),,,
bond:260eb32988cf,GlycosidicBond,╬▓-Galf-(1ŌåÆ2),╬▓-Galf-(1ŌåÆ2),,,
bond:c16f567daeb6,GlycosidicBond,╬▓-Galf-(1ŌåÆ6),╬▓-Galf-(1ŌåÆ6),,,
bond:ff70c5444c58,GlycosidicBond,"╬▓-GalA-(1ŌåÆ3,4)","╬▓-GalA-(1ŌåÆ3,4)",,,
bond:f7428064cb86,GlycosidicBond,"╬▓-Manp-(1ŌåÆ2,3)","╬▓-Manp-(1ŌåÆ2,3)",,,
bond:4646267fe4fa,GlycosidicBond,╬▓-GalA(1ŌåÆ1),╬▓-GalA(1ŌåÆ1),,,
bond:d6c875bc570e,GlycosidicBond,╬▒-GlcA-(1ŌåÆ3),╬▒-GlcA-(1ŌåÆ3),,,
bond:a97abd5871f5,GlycosidicBond,"╬▒-Glcp-(1ŌåÆ2,6)","╬▒-Glcp-(1ŌåÆ2,6)",,,
bond:58edb0e78633,GlycosidicBond,╬▒-Xylp-(1ŌåÆ2),╬▒-Xylp-(1ŌåÆ2),,,
bond:0fcd82d382dd,GlycosidicBond,╬▓-GalA-(1ŌåÆ3),╬▓-GalA-(1ŌåÆ3),,,
bond:453a1d497845,GlycosidicBond,╬▓-GalpA-(1ŌåÆ4),╬▓-GalpA-(1ŌåÆ4),,,
bond:ab3bb2d97c0e,GlycosidicBond,╬▓-GalpA-(1ŌåÆ2),╬▓-GalpA-(1ŌåÆ2),,,
bond:1d1cad2195a3,GlycosidicBond,╬▓-GalpA-(1ŌåÆ3),╬▓-GalpA-(1ŌåÆ3),,,
bond:1d11d38463d2,GlycosidicBond,╬▓-GalA-(1ŌåÆ6),╬▓-GalA-(1ŌåÆ6),,,
bond:2154ebf04b6a,GlycosidicBond,╬▒-GlcA-(1ŌåÆ5),╬▒-GlcA-(1ŌåÆ5),,,
bond:da440afb2329,GlycosidicBond,"╬▓-Galp-(1ŌåÆ1,3)","╬▓-Galp-(1ŌåÆ1,3)",,,
bond:b579bf5a4eeb,GlycosidicBond,╬▓-Fucp-(1ŌåÆ3),╬▓-Fucp-(1ŌåÆ3),,,
bond:7665df15e610,GlycosidicBond,"╬▓-Arap-(1ŌåÆ3,6)","╬▓-Arap-(1ŌåÆ3,6)",,,
bond:6c2b925c3781,GlycosidicBond,╬▓-Rhap-(1ŌåÆ3),╬▓-Rhap-(1ŌåÆ3),,,
bond:8c373aadc326,GlycosidicBond,╬▓-Araf-(1ŌåÆ),╬▓-Araf-(1ŌåÆ),,,
bond:2e206dbb1ea4,GlycosidicBond,"╬▓-Arap-(1ŌåÆ2,3,5)","╬▓-Arap-(1ŌåÆ2,3,5)",,,
bond:54abd83e0c61,GlycosidicBond,╬▓-Arap-(1ŌåÆ6),╬▓-Arap-(1ŌåÆ6),,,
bond:e3890082f6b7,GlycosidicBond,"╬▓-Arap-(1ŌåÆ2,6)","╬▓-Arap-(1ŌåÆ2,6)",,,
bond:86f344091400,GlycosidicBond,"╬▒-Rhap-(1ŌåÆ2,3,4)","╬▒-Rhap-(1ŌåÆ2,3,4)",,,
bond:ed45df85dc50,GlycosidicBond,"╬▓-Xylp-(1ŌåÆ2,4)","╬▓-Xylp-(1ŌåÆ2,4)",,,
bond:808b8a5ab395,GlycosidicBond,╬▒-GalNAc-(1ŌåÆ3),╬▒-GalNAc-(1ŌåÆ3),,,
bond:1a8d539fe925,GlycosidicBond,╬▒-GalNAc-(1ŌåÆ4),╬▒-GalNAc-(1ŌåÆ4),,,
bond:0a08bff18e7f,GlycosidicBond,╬▒-ManA-(1ŌåÆ4),╬▒-ManA-(1ŌåÆ4),,,
bond:69ed8c459e57,GlycosidicBond,╬▒-GalpA-(1ŌåÆ2),╬▒-GalpA-(1ŌåÆ2),,,
bond:b0a13c67e382,GlycosidicBond,╬▓-Xylf-(1ŌåÆ6),╬▓-Xylf-(1ŌåÆ6),,,
bond:f91f4c603eee,GlycosidicBond,╬▒-GalpAp-(1ŌåÆ4),╬▒-GalpAp-(1ŌåÆ4),,,
bond:0dd16ac8a116,GlycosidicBond,╬▒-GlcA-(1ŌåÆ6),╬▒-GlcA-(1ŌåÆ6),,,
bond:2797b0811281,GlycosidicBond,"╬▓-Xylp-(1ŌåÆ3,4)","╬▓-Xylp-(1ŌåÆ3,4)",,,
bond:391848f2c353,GlycosidicBond,"╬▒-Glcp-(1ŌåÆ, ŌåÆ4,6)","╬▒-Glcp-(1ŌåÆ, ŌåÆ4,6)",,,
bond:2350a1a34feb,GlycosidicBond,"╬▒-Glcp-(1ŌåÆ, ŌåÆ3,4,6)","╬▒-Glcp-(1ŌåÆ, ŌåÆ3,4,6)",,,
bond:ca00b05c63dc,GlycosidicBond,╬▓-GlcNAc-(1ŌåÆ4),╬▓-GlcNAc-(1ŌåÆ4),,,
bond:435ff83baa98,GlycosidicBond,╬▓-GlcN-(1ŌåÆ4),╬▓-GlcN-(1ŌåÆ4),,,
bond:ee6ef3445e5c,GlycosidicBond,╬▓-GlcA(1ŌåÆ3),╬▓-GlcA(1ŌåÆ3),,,
bond:ca140e4934e3,GlycosidicBond,╬▓-GlcA-(1ŌåÆ1),╬▓-GlcA-(1ŌåÆ1),,,
bond:0cbde796f624,GlycosidicBond,"╬▒-Glcp-(1ŌåÆ2,3,4)","╬▒-Glcp-(1ŌåÆ2,3,4)",,,
bond:313cb5a421e9,GlycosidicBond,"╬▒-Glcp-(1ŌåÆ2,3,6)","╬▒-Glcp-(1ŌåÆ2,3,6)",,,
bond:16b727140f5b,GlycosidicBond,"╬▓-Arap-(1ŌåÆ2,3)","╬▓-Arap-(1ŌåÆ2,3)",,,
bond:1c9f75ec798c,GlycosidicBond,"╬▒-Galp-(1ŌåÆ3,4,6)","╬▒-Galp-(1ŌåÆ3,4,6)",,,
bond:f693efba39c7,GlycosidicBond,╬▒-Rhap(1ŌåÆ2),╬▒-Rhap(1ŌåÆ2),,,
bond:23b82d50d569,GlycosidicBond,╬▒-Glcp-(1ŌåÆ4’╝ē,╬▒-Glcp-(1ŌåÆ4’╝ē,,,
bond:63486eead734,GlycosidicBond,╬▓-Galp-(3ŌåÆ1),╬▓-Galp-(3ŌåÆ1),,,
bond:fe7400379aef,GlycosidicBond,"╬▓-Galp-(6ŌåÆ1,3)","╬▓-Galp-(6ŌåÆ1,3)",,,
bond:1e2dd06cda88,GlycosidicBond,╬▓-Galp-(6ŌåÆ3),╬▓-Galp-(6ŌåÆ3),,,
bond:c0d3f352f391,GlycosidicBond,╬▒-Galp-(4ŌåÆ1),╬▒-Galp-(4ŌåÆ1),,,
bond:55015d99565b,GlycosidicBond,╬▓-Xylp-(1ŌåÆ4’╝ē,╬▓-Xylp-(1ŌåÆ4’╝ē,,,
bond:9c49f9db87aa,GlycosidicBond,╬▒-GalpA-(1ŌåÆ4),╬▒-GalpA-(1ŌåÆ4),,,
bond:46630ef02251,GlycosidicBond,Arap-(1ŌåÆ4),Arap-(1ŌåÆ4),,,
bond:bb5a4ede27e4,GlycosidicBond,╬▓-Glcp-(lŌåÆ4),╬▓-Glcp-(lŌåÆ4),,,
bond:e0297b9d5959,GlycosidicBond,╬▓-Galp-(lŌåÆ4),╬▓-Galp-(lŌåÆ4),,,
bond:3ce1d96052db,GlycosidicBond,╬▒-GalA-(1ŌåÆ5),╬▒-GalA-(1ŌåÆ5),,,
bond:cb9b7c6730f9,GlycosidicBond,╬▓-ManNAc-(1ŌåÆ4),╬▓-ManNAc-(1ŌåÆ4),,,
bond:92d15b2953f4,GlycosidicBond,╬▒-Galp-(3ŌåÆ6),╬▒-Galp-(3ŌåÆ6),,,
bond:05f456a1314f,GlycosidicBond,╬▒-Fucp-(4ŌåÆ6),╬▒-Fucp-(4ŌåÆ6),,,
bond:8ef0e68aeac3,GlycosidicBond,╬▓-GlcA-(3ŌåÆ1),╬▓-GlcA-(3ŌåÆ1),,,
bond:b77414b2467b,GlycosidicBond,╬▒-Rhap-(4ŌåÆ1),╬▒-Rhap-(4ŌåÆ1),,,
bond:84eb78476d8d,GlycosidicBond,╬▒-Rhap-(3ŌåÆ1),╬▒-Rhap-(3ŌåÆ1),,,
bond:880246a5fc44,GlycosidicBond,╬▒-Rhap-(6ŌåÆ1),╬▒-Rhap-(6ŌåÆ1),,,
bond:e10174916342,GlycosidicBond,╬▒-GlcNAc-(1ŌåÆ2),╬▒-GlcNAc-(1ŌåÆ2),,,
bond:67a3f820716f,GlycosidicBond,╬▓-GlcNAc-(1ŌåÆ3),╬▓-GlcNAc-(1ŌåÆ3),,,
bond:fbc58e43ea6c,GlycosidicBond,╬▒-GlcNAc-(1ŌåÆ3),╬▒-GlcNAc-(1ŌåÆ3),,,
bond:5ebf23dc057c,GlycosidicBond,╬▒-Galf-(5ŌåÆ1),╬▒-Galf-(5ŌåÆ1),,,
bond:928b46f8ffb3,GlycosidicBond,╬▒-Glcp-(2ŌåÆ1),╬▒-Glcp-(2ŌåÆ1),,,
bond:b1c3568ff7ef,GlycosidicBond,╬▒-Glcp-(5ŌåÆ1),╬▒-Glcp-(5ŌåÆ1),,,
bond:976171ef9283,GlycosidicBond,╬▒-GlcN-(1ŌåÆ6),╬▒-GlcN-(1ŌåÆ6),,,
bond:c8a6550abe53,GlycosidicBond,╬▒-GaNAc-(1ŌåÆ3),╬▒-GaNAc-(1ŌåÆ3),,,
bond:e142dc0e7e9d,GlycosidicBond,╬▒-GaNAc-(1ŌåÆ4),╬▒-GaNAc-(1ŌåÆ4),,,
bond:0e0becc4fb14,GlycosidicBond,╬▒-GlcNAc-(1ŌåÆ6),╬▒-GlcNAc-(1ŌåÆ6),,,
bond:d0352e13a470,GlycosidicBond,╬▓-GalS-(1ŌåÆ4),╬▓-GalS-(1ŌåÆ4),,,
bond:ca01a311757c,GlycosidicBond,╬▒-GaplA-(1ŌåÆ4),╬▒-GaplA-(1ŌåÆ4),,,
bond:da23895471b8,GlycosidicBond,╬▓-GalpA2S-(1ŌåÆ4),╬▓-GalpA2S-(1ŌåÆ4),,,
bond:9209d0f47766,GlycosidicBond,╬▒-FucNAc-(1ŌåÆ3),╬▒-FucNAc-(1ŌåÆ3),,,
bond:21c6b71d66eb,GlycosidicBond,╬▒-Manp-(1ŌåÆ5),╬▒-Manp-(1ŌåÆ5),,,
bond:a78c15233f73,GlycosidicBond,╬▒-GlcpA-(1ŌåÆ6),╬▒-GlcpA-(1ŌåÆ6),,,
bond:814ac1b5c01e,GlycosidicBond,╬▒-D-Glcp-(1ŌåÆ4),╬▒-D-Glcp-(1ŌåÆ4),,,
bond:2caeff331eae,GlycosidicBond,╬▓-GlcAp-(1ŌåÆ4),╬▓-GlcAp-(1ŌåÆ4),,,
bond:fb1fdd3e025d,GlycosidicBond,╬▓-GalAp-(1ŌåÆ3),╬▓-GalAp-(1ŌåÆ3),,,
bond:abb61d103b56,GlycosidicBond,╬▓-GlcpA-(1ŌåÆ6),╬▓-GlcpA-(1ŌåÆ6),,,
bond:d3400135eec4,GlycosidicBond,├¤-Rhap-(1ŌåÆ2),├¤-Rhap-(1ŌåÆ2),,,
bond:6b961ce192e7,GlycosidicBond,"╔æ-Galp-(1,3ŌåÆ6)","╔æ-Galp-(1,3ŌåÆ6)",,,
bond:1bdb9f2013ed,GlycosidicBond,"╔æ-Glcp-(1,2ŌåÆ6)","╔æ-Glcp-(1,2ŌåÆ6)",,,
bond:6257e5cb77c7,GlycosidicBond,╬▓-GaNAc-(1ŌåÆ3),╬▓-GaNAc-(1ŌåÆ3),,,
bond:61e08a9a6ab8,GlycosidicBond,╬▓-GalA-(1ŌåÆ2),╬▓-GalA-(1ŌåÆ2),,,
bond:8899c73ba33e,GlycosidicBond,"╬▒-GalA-(1ŌåÆ2,3)","╬▒-GalA-(1ŌåÆ2,3)",,,
bond:c887d565fa92,GlycosidicBond,╬▒-Rhap-(2ŌåÆ4),╬▒-Rhap-(2ŌåÆ4),,,
bond:bebe647b2001,GlycosidicBond,╬▓-Galp-(1ŌåÆ36,╬▓-Galp-(1ŌåÆ36,,,
bond:09885f8ec694,GlycosidicBond,"╬▓-Arap-(1ŌåÆ1,2)","╬▓-Arap-(1ŌåÆ1,2)",,,
bond:eed092e8995b,GlycosidicBond,╬▒-Arap-(1ŌåÆ3):╬▒-Glcp-(1ŌåÆ6),╬▒-Arap-(1ŌåÆ3):╬▒-Glcp-(1ŌåÆ6),,,
