organism_id,organism_name_raw,organism_name_norm,taxonomy_id,kingdom
organism:b7788fff7095,Notopterygium incisum,Notopterygium incisum,,
organism:1c498d35a1c2,Ilex latifolia Thunb,Ilex latifolia Thunb,,
organism:1074177e55ae,Rubus idaeus,Rubus idaeus,,
organism:51deee103f31,Zizania latifolia,Zizania latifolia,,
organism:0a9e7f2db401,Amanita caesarea,Amanita caesarea,,
organism:e0eff5c0d474,Phomopsis liquidambari,Phomopsis liquidambari,,
organism:c4ae214e23bc,Passiflora edulis,Passiflora edulis,,
organism:a0d4d7207ab7,Schisandra chinensis,Schisandra chinensis,,
organism:ea4c1783c7bd,Trichoderma kanganensis,Trichoderma kanganensis,,
organism:52427e6baa07,Phyllostachys pubescens Mazel,Phyllostachys pubescens Mazel,,
organism:6ee0662949d1,Prunus sibirica,Prunus sibirica,,
organism:5efc86ca883e,Rosa,Rosa,,
organism:fc4b5a64a7f2,Siraitia grosvenorii,Siraitia grosvenorii,,
organism:a9553cf4428f,Lilium davidii var. unicolor Cotton,Lilium davidii var. unicolor Cotton,,
organism:166a45e249bd,Chlorella pyrenoidosa,Chlorella pyrenoidosa,,
organism:519a0e13c9f1,Fusarium solani,Fusarium solani,,
organism:e71f270a61a1,Eleocharis dulcis,Eleocharis dulcis,,
organism:c07fbaaa1109,Castanea henryi.,Castanea henryi.,,
organism:cfd64439fa55,Lonicera japonica,Lonicera japonica,,
organism:5ee4e5b9b00d,Panax ginseng,Panax ginseng,,
organism:d5a73355effb,Gynostemma pentaphyllum,Gynostemma pentaphyllum,,
organism:50e0567f9c3a,Glehnia littoralis,Glehnia littoralis,,
organism:c4be6b8aba61,Cucurbita moschata Duchesne,Cucurbita moschata Duchesne,,
organism:06cce442ecc8,Cordyceps militaris,Cordyceps militaris,,
organism:716160bf88dd,Plumeria rubra,Plumeria rubra,,
organism:ada24b6bd2b0,Toona sinensis,Toona sinensis,,
organism:bce24e92a26a,Millettia Speciosa Champ,Millettia Speciosa Champ,,
organism:40d11b013739,Sedum sarmentosum Bunge,Sedum sarmentosum Bunge,,
organism:6f3ff6a95020,Dimocarpus longan Lour.,Dimocarpus longan Lour.,,
organism:1182e12355c2,Shiraia bambusicola,Shiraia bambusicola,,
organism:e2b990917659,Angelica sinensis,Angelica sinensis,,
organism:ce5bc44202fd,Atractylodis macrocephalae Koidz,Atractylodis macrocephalae Koidz,,
organism:173ba698d5fa,Dendrobium nobile Lindl.,Dendrobium nobile Lindl.,,
organism:de3908fce7d3,Ipomoea batatas (L.),Ipomoea batatas (L.),,
organism:6f4da24b0d60,Apocynum venetum L.,Apocynum venetum L.,,
organism:557206c8586c,Bletilla striata,Bletilla striata,,
organism:086ab99476eb,Hericium erinaceus,Hericium erinaceus,,
organism:df4b534a465a,Radix Ginseng Rubra,Radix Ginseng Rubra,,
organism:5cc482ab435c,Morchella importuna,Morchella importuna,,
organism:23ffa0747119,Astragalus membranaceus,Astragalus membranaceus,,
organism:d111ccb7d3b1,Amomum longiligulare,Amomum longiligulare,,
organism:cd618bb9b720,lichen Xanthoria parietina,lichen Xanthoria parietina,,
organism:ace940a6400d,Lepidium meyenii,Lepidium meyenii,,
organism:6bd696b6de84,marine fungus Hansfordia sinuosae,marine fungus Hansfordia sinuosae,,
organism:8b09a7698ff8,Pleuropterus multiflorus,Pleuropterus multiflorus,,
organism:cfa15222507d,Holothuria scabra,Holothuria scabra,,
organism:ef55426ec273,Platycodon grandiflorus,Platycodon grandiflorus,,
organism:4f2b3beea3ca,Acanthophyllum acerosum,Acanthophyllum acerosum,,
organism:872476c6f719,Allium ampeloprasum,Allium ampeloprasum,,
organism:c9c5e3236dba,Chrysanthemum morifolium,Chrysanthemum morifolium,,
organism:3d506d0df59e,Klebsiella pneumoniae PB12,Klebsiella pneumoniae PB12,,
organism:00bbc336d04c,Lactarius deliciosus,Lactarius deliciosus,,
organism:544eaad9e074,Stichopus japonicus,Stichopus japonicus,,
organism:199c50a55045,Lentinus edodes mycelia,Lentinus edodes mycelia,,
organism:b85fdf9a3253,Fagopyrum tartaricum,Fagopyrum tartaricum,,
organism:b4d3e2d8b090,Sargassum Zhangii,Sargassum Zhangii,,
organism:cac8f6dda684,Solanum muricatum,Solanum muricatum,,
organism:be2dbb6c0577,Triticum aestivum,Triticum aestivum,,
organism:ff47b703bb6e,Polygonatum kingianum,Polygonatum kingianum,,
organism:34f23a8fc3f6,Amanita hemibapha subspecies javanica,Amanita hemibapha subspecies javanica,,
organism:8eed6c0917ef,quinoa,quinoa,,
organism:5686382809fc,Ziziphus jujuba Mill,Ziziphus jujuba Mill,,
organism:0c9baf19a991,Agaricus bisporus,Agaricus bisporus,,
organism:b3273d932199,Artemisia argyi,Artemisia argyi,,
organism:9abe80be55c1,Hohenbuehelia serotina,Hohenbuehelia serotina,,
organism:0e35c0d2cc57,Panax notoginseng,Panax notoginseng,,
organism:57b154518130,Smilax glabra,Smilax glabra,,
organism:367286363570,Artemisia sphaerocephala Krasch,Artemisia sphaerocephala Krasch,,
organism:b12e8379b820,Acanthopanax brachypus,Acanthopanax brachypus,,
organism:f9b8e7877e55,Alhagi sparsifolia,Alhagi sparsifolia,,
organism:9971ad610d36,mannatide,mannatide,,
organism:6ea219de503f,Tricholoma matsutake,Tricholoma matsutake,,
organism:3b5d43d19b72,Ziziphus jujuba,Ziziphus jujuba,,
organism:f70e3ac8bfed,Dendrobium huoshanense,Dendrobium huoshanense,,
organism:ed84399b18a4,Erythronium sibiricum,Erythronium sibiricum,,
organism:f8d50718b1b4,Larix principis-rupprechtii,Larix principis-rupprechtii,,
organism:bd6f06709675,Celosia cristata,Celosia cristata,,
organism:65e81ba0146b,Clinacanthus nutans,Clinacanthus nutans,,
organism:d8ecbbc4b8dd,Rhopilema esculentum,Rhopilema esculentum,,
organism:112ab0235770,Leuconostoc mesenteroides BD1710,Leuconostoc mesenteroides BD1710,,
organism:2a46818d5419,Dendrobium wardianum,Dendrobium wardianum,,
organism:661a1aec39f7,Astragalus,Astragalus,,
organism:b30b5d961078,Polygonatum sibiricum,Polygonatum sibiricum,,
organism:5f15457bbd89,Lonicera japonica Thunb.,Lonicera japonica Thunb.,,
organism:388f54311515,Tremella fuciformis,Tremella fuciformis,,
organism:9eca8523e53e,Abelmoschus esculentus (L.) Moench,Abelmoschus esculentus (L.) Moench,,
organism:1e63d0317840,Saussurea involucrata,Saussurea involucrata,,
organism:589a537d2b59,Coriandrum sativum,Coriandrum sativum,,
organism:cb576fdb2294,Eucommia folium,Eucommia folium,,
organism:07198c918b5a,Dimocarpus longan,Dimocarpus longan,,
organism:53dacc49fa17,Poria cocos,Poria cocos,,
organism:75093c5d8fa7,Houttuynia cordata,Houttuynia cordata,,
organism:952292c0a898,Bletilla ochracea,Bletilla ochracea,,
organism:6f1c66adc749,Cynanchum acutum,Cynanchum acutum,,
organism:20bc30001600,Morchella esculenta,Morchella esculenta,,
organism:dfd8a974072c,Stevia rebaudiana,Stevia rebaudiana,,
organism:b600b52b14dd,Rubus fruticosus,Rubus fruticosus,,
organism:a778ac84e2e0,Gelidium pacificum Okamura,Gelidium pacificum Okamura,,
organism:75dd0d6c58d4,Echinodontium tinctorium,Echinodontium tinctorium,,
organism:1e7b1cd40276,Bacillus sp. H5,Bacillus sp. H5,,
organism:39a9831506ee,Mucor sp.,Mucor sp.,,
organism:e5bc5fde1584,Ilex cornuta,Ilex cornuta,,
organism:73e56fa05f2c,Boletus speciosus,Boletus speciosus,,
organism:4d87cf7157a0,Garcinia mangostana,Garcinia mangostana,,
organism:f2fb95326205,Umbilicaria esculenta,Umbilicaria esculenta,,
organism:8860c603977b,Camellia sinensis,Camellia sinensis,,
organism:b09e9b074af3,Leucosceptrum canum,Leucosceptrum canum,,
organism:de70d7c5a2b0,Sporisorium reilianum,Sporisorium reilianum,,
organism:c8da5812d2b5,Pueraria lobata (Willd.),Pueraria lobata (Willd.),,
organism:3bb5cc422933,Nelumbo nucifera Gaertn.,Nelumbo nucifera Gaertn.,,
organism:2fc783062678,Linum usitatissimum,Linum usitatissimum,,
organism:170ae9be4e89,Rosa laevigata,Rosa laevigata,,
organism:4f828d2bbf7c,Passiflora foetida,Passiflora foetida,,
organism:616e60084a25,Pueraria lobata,Pueraria lobata,,
organism:c85c2b28de7a,Glycyrrhiza inflata,Glycyrrhiza inflata,,
organism:2f0282978b07,Ilex latifolia,Ilex latifolia,,
organism:885f462671fc,Orostachys fimbriata,Orostachys fimbriata,,
organism:2b73cd4bfa0a,Sedum sarmentosum,Sedum sarmentosum,,
organism:2677a3faee6a,Sargassum fusiforme,Sargassum fusiforme,,
organism:44e46b75a208,Aspergillus fumigatus,Aspergillus fumigatus,,
organism:dffa2576e7a5,Zoogloeal ramigera,Zoogloeal ramigera,,
organism:07a7303f67a9,Saccharomyces cerevisiae,Saccharomyces cerevisiae,,
organism:e09857ac7f21,Amanita muscaria,Amanita muscaria,,
organism:c7d0046378a3,Klebsiella pneumoniae,Klebsiella pneumoniae,,
organism:42c168420fc0,Leishmania donovani,Leishmania donovani,,
organism:ff185d9ca521,Cryptococcus neoformans,Cryptococcus neoformans,,
organism:6e7f4fc9f024,Codonopsis pilosula,Codonopsis pilosula,,
organism:0f54f9b5c472,Dendrobium nobile,Dendrobium nobile,,
organism:10a089050d9d,Ganoderma lucidum,Ganoderma lucidum,,
organism:4411236ab33b,Phoma herbarum,Phoma herbarum,,
organism:5a470046bafc,Cudrania tricuspidata,Cudrania tricuspidata,,
organism:78bcc07e9c20,Sterculia lychnophora,Sterculia lychnophora,,
organism:e01478c9d880,Tremella aurantialba,Tremella aurantialba,,
organism:70861cb41f97,Lycium barbarum L.,Lycium barbarum L.,,
organism:f6bf5b11d9a0,Dendrobium officinale,Dendrobium officinale,,
organism:b3f29c43ce4d,Fusarium oxysporum,Fusarium oxysporum,,
organism:b942005d8706,Dendrocalamus latiflorus,Dendrocalamus latiflorus,,
organism:e200d6864f52,Lentinus giganteus,Lentinus giganteus,,
organism:4b198e1fefa0,Ipomoea batatas,Ipomoea batatas,,
organism:8d0e694d24c2,Typha angustifolia L.,Typha angustifolia L.,,
organism:f0ca429d0f1a,Typha angustifolia L,Typha angustifolia L,,
organism:48e4bd79c000,Ulva prolifera,Ulva prolifera,,
organism:5cccd900af7e,Termitomyces albuminosus,Termitomyces albuminosus,,
organism:2c8ac83a5905,Phellinus pini,Phellinus pini,,
organism:22c37602b787,Grifola frondosa,Grifola frondosa,,
organism:3b17e778aed0,Morus alba,Morus alba,,
organism:5de36456e3e1,Salvia miltiorrhiza,Salvia miltiorrhiza,,
organism:6140fa69a8cc,Glycyrrhiza uralensis,Glycyrrhiza uralensis,,
organism:b28708ba2ec0,Bacillus megaterium,Bacillus megaterium,,
organism:65672e0cb49c,Ocimum basilicum,Ocimum basilicum,,
organism:589db1cc3b1b,Codonopsis tangshen,Codonopsis tangshen,,
organism:b1ee987e53b2,Cyclocarya paliurus,Cyclocarya paliurus,,
organism:ff9d4761a591,Glycyrrhiza glabra,Glycyrrhiza glabra,,
organism:99753cc3b7d1,Piperis Dahongpao,Piperis Dahongpao,,
organism:7baa3e6335cd,Echinops ritro,Echinops ritro,,
organism:65cc78762b89,Tamarindus indica,Tamarindus indica,,
organism:2822c8c7f915,Phellinus linteus,Phellinus linteus,,
organism:58c68c978dfc,Moringa oleifera,Moringa oleifera,,
organism:d2a2096f607f,Trichoderma koningii,Trichoderma koningii,,
organism:d9dde50e9903,Ophiocordyceps sinensis,Ophiocordyceps sinensis,,
organism:d12cf7e05708,Fritillaria unibracteata var. wabuensis,Fritillaria unibracteata var. wabuensis,,
organism:a1dc03bdb7c5,Antrodia cinnamomea,Antrodia cinnamomea,,
organism:7dffb4831b7e,Rubus amabilis,Rubus amabilis,,
organism:cad53e4293bb,Dendrocalamus brandisii,Dendrocalamus brandisii,,
organism:da3236104446,Meripilus giganteus,Meripilus giganteus,,
organism:cce9a583a447,Typha angustifolia,Typha angustifolia,,
organism:8015216feab2,Anemarrhena asphodeloides,Anemarrhena asphodeloides,,
organism:42099b4af021,/,/,,
organism:428637e84699,Ahnfeltiopsis flabelliformis,Ahnfeltiopsis flabelliformis,,
organism:80a834b66884,Enteromorpha linza,Enteromorpha linza,,
organism:419515b94ea5,Phellinus igniarius,Phellinus igniarius,,
organism:28d31bbfe9f0,Achatina fulica,Achatina fulica,,
organism:48983c10d1c6,Polyporus umbellatus,Polyporus umbellatus,,
organism:84eec3e25eb6,Pholiota nameko,Pholiota nameko,,
organism:c50c4e0f7fa8,Musa,Musa,,
organism:d8be049d6243,Nelumbo nucifera,Nelumbo nucifera,,
organism:6578edec8a51,Smilacina japonica,Smilacina japonica,,
organism:1bc2ef59c71a,Nostoc commune,Nostoc commune,,
organism:4e0501063175,Aster tataricus,Aster tataricus,,
organism:831a821cd889,Porphyra haitanensis,Porphyra haitanensis,,
organism:8f55d380835b,Dioscorea opposita,Dioscorea opposita,,
organism:4ca7947c9ff3,Anoectochilus roxburghii,Anoectochilus roxburghii,,
organism:fed2b8dff564,Nepenthes,Nepenthes,,
organism:aa477ec76613,Ocimum,Ocimum,,
organism:0577646068d9,Codonopsis tangshen Oliv,Codonopsis tangshen Oliv,,
organism:cd2830b8a3d3,Vigna unguiculata,Vigna unguiculata,,
organism:ea5f7f0d0e91,Acanthophyllum bracteatum,Acanthophyllum bracteatum,,
organism:660366db0afd,Lentinus sajor-caju,Lentinus sajor-caju,,
organism:7e2fb4a2f42b,Craterellus cornucopioides,Craterellus cornucopioides,,
organism:73de71612822,Bullacta exarata,Bullacta exarata,,
organism:0c51e8349b0d,Gomphus clavatus,Gomphus clavatus,,
organism:a6ee81078643,Ganoderma capense,Ganoderma capense,,
organism:8443a1bd0e57,Weissella confusa,Weissella confusa,,
organism:4194d856b6b5,Huangshui,Huangshui,,
organism:c6ce879eed55,Xanthoria parietina,Xanthoria parietina,,
organism:5ac488cb11bf,Agaricus blazei Murill,Agaricus blazei Murill,,
organism:2f633d6ce831,Haliotis discus hannai Ino,Haliotis discus hannai Ino,,
organism:45a2d448639c,Piptoporus betulinus,Piptoporus betulinus,,
organism:9c49504deee3,Paenibacillus bovis,Paenibacillus bovis,,
organism:90abc456905a,Lachnum sp.,Lachnum sp.,,
organism:271bf52dbb1b,Ophiopogon japonicus,Ophiopogon japonicus,,
organism:82f2f524ec11,Chinese traditional medicine Huidouba,Chinese traditional medicine Huidouba,,
organism:8aa6a6f16dd3,Chlorella ellipsoidea,Chlorella ellipsoidea,,
organism:17f8cdaf5c0b,hybrid mushroom pfle 1p,hybrid mushroom pfle 1p,,
organism:5fb31d0044cf,Periplaneta americana,Periplaneta americana,,
organism:863e97e495c2,Botryosphaeria rhodina,Botryosphaeria rhodina,,
organism:5b404ecedbfd,Wolfiporia cocos,Wolfiporia cocos,,
organism:21f57367da50,Ramaria gracilis,Ramaria gracilis,,
organism:91b482cfe30e,hindgut populated with abundant microbes,hindgut populated with abundant microbes,,
organism:a2cb20d79b22,Acorus tatarinowii,Acorus tatarinowii,,
organism:b94ceed3e305,Rubus parvifolius,Rubus parvifolius,,
organism:a2783d72bc5b,Isostichopus badionotus,Isostichopus badionotus,,
organism:d09b4d5ea913,Pleurotus eryngii,Pleurotus eryngii,,
organism:dced417220ea,Ginseng,Ginseng,,
organism:3fc27a1b1d4d,Arnebia euchroma（Royle）Johnst,Arnebia euchroma（Royle）Johnst,,
organism:77253b1ebf72,Streptococcus equi subsp. zooepidemicus,Streptococcus equi subsp. zooepidemicus,,
organism:5c68ed240155,Gynostemma pentaphyllum (Thunb.) Makino,Gynostemma pentaphyllum (Thunb.) Makino,,
organism:d6efb8150fed,Lactobacillus casei SB27,Lactobacillus casei SB27,,
organism:e5cd168cc0d8,Cynanchum Auriculatum,Cynanchum Auriculatum,,
organism:5c338eab5204,Euglena gracilis,Euglena gracilis,,
organism:9e4f9fb14f22,Euryale ferox,Euryale ferox,,
organism:30b1237dd04d,Tetrastigma hemsleyanum,Tetrastigma hemsleyanum,,
organism:870eb16aef92,Sargassum henslowianum,Sargassum henslowianum,,
organism:c004b58c48a8,Amomum villosum,Amomum villosum,,
organism:e67c0345e14d,Abelmoschus esculentus,Abelmoschus esculentus,,
organism:13a1b11d2752,Semiaquilegia adoxoides,Semiaquilegia adoxoides,,
organism:7c78c63a36ae,Holothuroidea,Holothuroidea,,
organism:1ec2c627522d,Leucopaxillus giganteus,Leucopaxillus giganteus,,
organism:a804ca590c3c,Cistanche deserticola,Cistanche deserticola,,
organism:edb5d87f9d2d,Mallotus peltatus,Mallotus peltatus,,
organism:ec7aff6eb66b,Umbilicaria yunnana,Umbilicaria yunnana,,
organism:7cfa71d96a37,Larix,Larix,,
organism:e9819e2dc6a7,Cucurbita moschata,Cucurbita moschata,,
organism:19df80e28091,Cornus officinalis,Cornus officinalis,,
organism:f9a8d1b2e68f,Sargassum,Sargassum,,
organism:a8587d1dcadf,Chondrus crispus,Chondrus crispus,,
organism:75f91c4f5ea2,Laminaria longissima,Laminaria longissima,,
organism:5fca76f1802e,Padina pavonica,Padina pavonica,,
organism:abb53809224a,Gracilaria lemaneiformis,Gracilaria lemaneiformis,,
organism:5b629079909c,Sargassum hemiphyllum,Sargassum hemiphyllum,,
organism:62108c487e4a,Cystoseira sedoides,Cystoseira sedoides,,
organism:d40d826a96b5,Coccophora langsdorfii,Coccophora langsdorfii,,
organism:0ce878272401,Perinereis aibuhitensis,Perinereis aibuhitensis,,
organism:f66667807df4,Scytothamnus australis,Scytothamnus australis,,
organism:d39a60c1370e,Cladophora,Cladophora,,
organism:096d666e54b6,Capsosiphon fulvescens,Capsosiphon fulvescens,,
organism:db7ab1db0eb4,Monostroma angicava,Monostroma angicava,,
organism:63d5a57f7087,Gayralia oxysperma,Gayralia oxysperma,,
organism:eb0e579bbbd7,Allium sativum,Allium sativum,,
organism:bcf712f0f678,Lactobacillus plantarum BC-25,Lactobacillus plantarum BC-25,,
organism:34fa6b99275f,Atractylodes,Atractylodes,,
organism:a210d925bfe9,Citrus reticulate,Citrus reticulate,,
organism:c4d96240c435,Juniperus pingii var. Wilsonii,Juniperus pingii var. Wilsonii,,
organism:f80f154aeb81,Crataegus pinnatifida,Crataegus pinnatifida,,
organism:6d40c7fe3244,Pseudomonas aeruginosa,Pseudomonas aeruginosa,,
organism:fdce853f9a2b,Cytophaga sp.,Cytophaga sp.,,
organism:98e3f4d11a05,Aspergillus parasiticus,Aspergillus parasiticus,,
organism:5ccbf02792ef,bovine articular cartilage,bovine articular cartilage,,
organism:fe5395558884,Glycine max,Glycine max,,
organism:612fb356553f,Pleurotus ostreatus,Pleurotus ostreatus,,
organism:6e9225e2c002,syncytiotrophoblastic cells of first-trimester human placentas,syncytiotrophoblastic cells of first-trimester human placentas,,
organism:7a044c6b1ec5,Klebsiella aerogenes,Klebsiella aerogenes,,
organism:fec580cceac6,rice bran,rice bran,,
organism:d04b6c0e5b40,Pasteurella multocida,Pasteurella multocida,,
organism:3c20ecad3e75,the mite Dermatophagoides farinae,the mite Dermatophagoides farinae,,
organism:1465e57e6968,the algae Udotea petiolata,the algae Udotea petiolata,,
organism:8966be8e8747,Amoebae of Dictyostelium discoideum,Amoebae of Dictyostelium discoideum,,
organism:e13e61f3f079,Haemophilus influenzae,Haemophilus influenzae,,
organism:c94f9761bc66,Rhodococcus equi,Rhodococcus equi,,
organism:10eed79819e8,Campylobacter coli,Campylobacter coli,,
organism:5fdd15e5129c,"Human teratocarcinoma derived cells, line PA 1","Human teratocarcinoma derived cells, line PA 1",,
organism:d1ac70e3c1c5,Chicken embryo fibroblasts (C/E phenotype),Chicken embryo fibroblasts (C/E phenotype),,
organism:fee8dea9186b,Yersinia pestis,Yersinia pestis,,
organism:f69a0ac4c7b5,Lentinus edodes,Lentinus edodes,,
organism:8476e4d87fdc,Buccinum undatum,Buccinum undatum,,
organism:e89a5316da99,mouse Engelbreth-Holm-Swarm tumor,mouse Engelbreth-Holm-Swarm tumor,,
organism:a33b54d51761,Ceratocystis ulmi,Ceratocystis ulmi,,
organism:3d369572bee9,Actinobacillus pleuropneumoniae serovar 1,Actinobacillus pleuropneumoniae serovar 1,,
organism:09a636faca9a,yeast cell wall,yeast cell wall,,
organism:8365ab0d47c8,Aplysia californica,Aplysia californica,,
organism:3f06e033b805,Aeromonas salmonicida subsp. salmonicida,Aeromonas salmonicida subsp. salmonicida,,
organism:c06be3dfbc77,B. abortus (Strains 2308 and 19) membrane,B. abortus (Strains 2308 and 19) membrane,,
organism:dfe035247096,Senna alexandrina,Senna alexandrina,,
organism:c2d415888309,Platycodon grandiflorum,Platycodon grandiflorum,,
organism:66e63253a61e,Morchella sextelata,Morchella sextelata,,
organism:b8667f26407c,Pleurotus nebrodensis,Pleurotus nebrodensis,,
organism:efb79f0a5998,Phyllostachys nigra,Phyllostachys nigra,,
organism:d44d859920d1,Inonotus hispidus,Inonotus hispidus,,
organism:57e7c20d83d7,Chroogomphus rutilus,Chroogomphus rutilus,,
organism:cbbc8cd9e4df,LPS-challenged mice,LPS-challenged mice,,
organism:014e40b822e6,Lasiodiplodia theobromae,Lasiodiplodia theobromae,,
organism:3be47f82b16e,Juglans regia,Juglans regia,,
organism:2c7efea260ca,Gastrodia elata,Gastrodia elata,,
organism:d507e209a023,Ephedra sinica,Ephedra sinica,,
organism:234898229c9c,Rhodophyta,Rhodophyta,,
organism:1c5e1673e5c8,Sorbus aucuparia,Sorbus aucuparia,,
organism:e1f9dc12ef70,Lycium ruthenicum,Lycium ruthenicum,,
organism:85fcb35a6e00,Mactra quadrangularis,Mactra quadrangularis,,
organism:babd7e908343,Saccharina japonica,Saccharina japonica,,
organism:9f5031396aea,Undaria pinnatifida,Undaria pinnatifida,,
organism:041114eadc30,Pleurotus geesterani,Pleurotus geesterani,,
organism:2694b54667e3,Lycopus lucidus,Lycopus lucidus,,
organism:8765b31d6d88,Hyriopsis cumingii,Hyriopsis cumingii,,
organism:68899204be37,Boletus speciosus Frost,Boletus speciosus Frost,,
organism:b7b805658025,Nephrolepis cordifolia,Nephrolepis cordifolia,,
organism:8fea9248ff0c,Hypericum perforatum,Hypericum perforatum,,
organism:df5cf638eeb0,Cryptococcus gattii,Cryptococcus gattii,,
organism:35380a8d878c,Schizophyllum commune,Schizophyllum commune,,
organism:8915ad2e4184,Citrus sinensis,Citrus sinensis,,
organism:288ddd934d9c,Lentinula edodes,Lentinula edodes,,
organism:9d00ae2b74fc,Trametes versicolor,Trametes versicolor,,
organism:ceafa0a2290a,Auricularia polytricha,Auricularia polytricha,,
organism:adffeac77ca7,Chenopodium quinoa,Chenopodium quinoa,,
organism:c788d48ccef4,Crotalaria alata,Crotalaria alata,,
organism:0f0cd7e189ff,Nicotiana tabacum,Nicotiana tabacum,,
organism:0c90862e21a9,Portulaca oleracea,Portulaca oleracea,,
organism:f05a8c83e6fd,Phallus indusiatus,Phallus indusiatus,,
organism:64628db2959f,Pleurotus pulmonarius,Pleurotus pulmonarius,,
organism:ce9cd5b11e2a,Fucus vesiculosus,Fucus vesiculosus,,
organism:b28d788f0643,Ulva pertusa,Ulva pertusa,,
organism:dd62e58e41d5,Calocybe indica,Calocybe indica,,
organism:d8cefda760f8,Ginkgo biloba,Ginkgo biloba,,
organism:71b175b6ecd6,Cola cordifolia,Cola cordifolia,,
organism:0ec83900964d,Laminaria ochotensis,Laminaria ochotensis,,
organism:391fdf6970dd,Laminaria japonica,Laminaria japonica,,
organism:a8ac89fd454e,Chorda filum,Chorda filum,,
organism:7c740ace907f,Flammulina filiformis,Flammulina filiformis,,
organism:8ecbcc0639dd,Geotrichum,Geotrichum,,
organism:831249f9503e,Pseudomonas syringae pv. lachrymans,Pseudomonas syringae pv. lachrymans,,
organism:8b9319142401,Xanthomonas campestris,Xanthomonas campestris,,
organism:1279b2400647,Cyamopsis tetragonoloba,Cyamopsis tetragonoloba,,
organism:05dd216e3da9,Ceratonia siliqua,Ceratonia siliqua,,
organism:cb43250e342b,Amorphophallus konjac,Amorphophallus konjac,,
organism:e7c7b8b9390c,Acacia senegal,Acacia senegal,,
organism:dacaaebd4f3e,Cassytha filiformis,Cassytha filiformis,,
organism:427a4ba442f7,Sterculia,Sterculia,,
organism:841ef2a11b44,Chlorella vulgaris,Chlorella vulgaris,,
organism:cd8c742a00b4,Agaricus subrufescens,Agaricus subrufescens,,
organism:459246ffed98,Lilium davidii var. unicolor,Lilium davidii var. unicolor,,
organism:7b629ac5cf60,Kappaphycus alvarezii,Kappaphycus alvarezii,,
organism:2712293912ad,Saccharophagus degradans,Saccharophagus degradans,,
organism:d11b4330c46f,Capsicum annuum var. annuum,Capsicum annuum var. annuum,,
organism:4018769eacfc,Chlorophyta,Chlorophyta,,
organism:658082b8291b,Vitis vinifera,Vitis vinifera,,
organism:661c6aea6982,Holothuria,Holothuria,,
organism:d9598be51e9e,Parastichopus tremulus,Parastichopus tremulus,,
organism:43676bbf85cf,Lycium barbarum,Lycium barbarum,,
organism:29a07643df80,Haliotis discus hannai,Haliotis discus hannai,,
organism:af2823ac390d,Dictyophora indusiata,Dictyophora indusiata,,
organism:b3f33b5773e5,Cordyceps,Cordyceps,,
organism:982eaf3da780,Picea abies,Picea abies,,
organism:cc8c0203d643,Mangifera indica,Mangifera indica,,
organism:c2b3a25e00ac,Coffea arabica,Coffea arabica,,
organism:8bb911af921a,Syzygium guineense,Syzygium guineense,,
organism:c0fab1c9400c,Prunus persica,Prunus persica,,
organism:9dda81bae21e,Lycium chinense,Lycium chinense,,
organism:fda004584ea0,Angelica Sinensis Radix,Angelica Sinensis Radix,,
organism:c7f3398500c2,Chinese Huaishan-yams,Chinese Huaishan-yams,,
organism:0476dfff140f,Gleditsia Sinensis,Gleditsia Sinensis,,
organism:60dd2f81ae9b,Trigonella foenum-graecum,Trigonella foenum-graecum,,
organism:b3178ed101dd,Malus spectabilis,Malus spectabilis,,
organism:fe4a808051c1,Allium cepa,Allium cepa,,
organism:a1b17ea6be96,Euchresta japonica,Euchresta japonica,,
organism:1f63cfb9ccf9,Boswellia carterii,Boswellia carterii,,
organism:fd96f8b26e70,Momordica charantia,Momordica charantia,,
organism:903b9367b94b,Pseudostellaria Heterophylla,Pseudostellaria Heterophylla,,
organism:bf5e6b5decd9,Brasenia schreberi,Brasenia schreberi,,
organism:dac2472145a0,Akante Hofiren Wood Root,Akante Hofiren Wood Root,,
organism:730c6fc12cf9,Psidium guajava,Psidium guajava,,
organism:be087472e042,Zostera marina,Zostera marina,,
organism:d6e01c760f0b,Rhodotorula mucilaginosa YL-1,Rhodotorula mucilaginosa YL-1,,
organism:0f0ffd0c564d,Juniperus morrisonicola,Juniperus morrisonicola,,
organism:36e91508fb6b,Dendrobium devonianum,Dendrobium devonianum,,
organism:4b04c9bda1dd,Cystoseira compressa,Cystoseira compressa,,
organism:aaffb78f56c4,Amygdalus scoparia Spach,Amygdalus scoparia Spach,,
organism:de4ee2c76ff5,Medicago sativa,Medicago sativa,,
organism:628f904edd14,Cerastoderma edule,Cerastoderma edule,,
organism:a6361201dd55,Ulva lactuca,Ulva lactuca,,
organism:aa6664ed7ade,Cucumis sativus,Cucumis sativus,,
organism:ddf803bca8fe,Sargassum carpophyllum,Sargassum carpophyllum,,
organism:b1f993dc84ac,Flammulina velutipes,Flammulina velutipes,,
organism:7a5a4c6c4fa1,Hypsizygus marmoreus,Hypsizygus marmoreus,,
organism:3df29ab5e15b,Castanea henryi,Castanea henryi,,
organism:7abcf3137134,Homo sapiens,Homo sapiens,,
organism:78b22baf0015,Cyamopsis tetragonolobas,Cyamopsis tetragonolobas,,
organism:bc5cdba9ae40,Bacteria,Bacteria,,
organism:ba75d20df3c8,Laminaria,Laminaria,,
organism:ca5e3e518b4e,Sargassum thunbergii,Sargassum thunbergii,,
organism:4969c1d4c55a,Arnebia euchroma,Arnebia euchroma,,
organism:e72d23b7de55,Taraxacum mongolicum,Taraxacum mongolicum,,
organism:72807178e907,Zizyphus jujuba,Zizyphus jujuba,,
organism:73976f85bfcb,Fritillaria pallidiﬂora,Fritillaria pallidiﬂora,,
organism:7067c6f4812e,Plantago asiatica,Plantago asiatica,,
organism:f3ce22c85466,Sagittaria sagittifolia,Sagittaria sagittifolia,,
organism:e4e7055a2b0a,Ulmus pumila,Ulmus pumila,,
organism:c8c9889d9a8d,Sophora tonkinensis,Sophora tonkinensis,,
organism:0d30f77e6735,Anoectochilus formosanus,Anoectochilus formosanus,,
organism:d98f0d012de0,Pimpinella anisum,Pimpinella anisum,,
organism:ae1554691257,Acanthopanax leucorrhizus,Acanthopanax leucorrhizus,,
organism:b70aa20ab97d,Pleurotus sajor-caju,Pleurotus sajor-caju,,
organism:28ca3ee41ed3,Citrullus lanatus,Citrullus lanatus,,
organism:393ffc2eb833,Suillellus luridus,Suillellus luridus,,
organism:8ad960181b17,Phyllostachys edulis,Phyllostachys edulis,,
organism:e45e6f481009,Holothuria fuscopunctata,Holothuria fuscopunctata,,
organism:05e8288d3015,Epimedium koreanum,Epimedium koreanum,,
organism:2fddd0872283,Ruminococcus gnavus,Ruminococcus gnavus,,
organism:c66603b5e168,Hizikia fusiforme,Hizikia fusiforme,,
organism:0680ee695b8c,Orchidaceae,Orchidaceae,,
organism:949d81e7c643,Phaseolus vulgaris,Phaseolus vulgaris,,
organism:786ee0973c6d,Zea mays,Zea mays,,
organism:1a50c696854a,Eurycoma longifolia,Eurycoma longifolia,,
organism:404cfec54c5a,Sanghuangporus,Sanghuangporus,,
organism:b788f95894eb,Silphium perfoliatum,Silphium perfoliatum,,
organism:b97baa81f673,Auricularia,Auricularia,,
organism:f746cb2edc74,Cordyceps miltaris,Cordyceps miltaris,,
organism:13b8b12c12b5,Citrus,Citrus,,
organism:bc9a8908e95a,Armillaria mellea,Armillaria mellea,,
organism:2a19ff00dbaf,Juniperus tibetica,Juniperus tibetica,,
organism:0a2e2f3afcfb,Dendrobium aphyllum,Dendrobium aphyllum,,
organism:8f736c8ce191,Yeast,Yeast,,
organism:2b7fd15d1f7d,Hordeum vulgare,Hordeum vulgare,,
organism:0695a9b3c1b5,Gelidium paciﬁcum,Gelidium paciﬁcum,,
organism:2d411e095e56,Chuanminshen violaceum,Chuanminshen violaceum,,
organism:2cb77e92b217,Inonotus obliquus,Inonotus obliquus,,
organism:0efd9e7ce2f5,Aureobasidium pullulans,Aureobasidium pullulans,,
organism:4dce6bfd184a,Morus alba L.,Morus alba L.,,
organism:f415cdc75d3d,Rubus chingii Hu,Rubus chingii Hu,,
organism:2b607591bd3a,Artemisia sphaerocephala,Artemisia sphaerocephala,,
organism:90cf1f7613c9,Cordyceps sp.,Cordyceps sp.,,
organism:0a3e096c1ed3,Eriobotrya japonica,Eriobotrya japonica,,
organism:1aaa5fe253cb,Caulerpa lentillifera,Caulerpa lentillifera,,
organism:0fc033eaaa8a,Artemisia afra,Artemisia afra,,
organism:16e823fa445c,Morinda citrifolia,Morinda citrifolia,,
organism:1816d20306db,Tamarindus indica L.,Tamarindus indica L.,,
organism:6bcab5642ffe,Hordeum vulgare L.,Hordeum vulgare L.,,
organism:613022a37dd8,Auricularia auricula-judae,Auricularia auricula-judae,,
organism:c178be830c4e,Plantago asiatic L.,Plantago asiatic L.,,
organism:e103b3da0e18,Sechium edule Sw.,Sechium edule Sw.,,
organism:15dcbeda5b15,Plantago depressa,Plantago depressa,,
organism:689a95b21809,Coriolus versicolor,Coriolus versicolor,,
organism:b5fb899f93bd,Tropicoporus linteus,Tropicoporus linteus,,
organism:0cebd624089e,Fagopyrum esculentum,Fagopyrum esculentum,,
organism:b5c6ac1b1b6c,Salvia hispanica L.,Salvia hispanica L.,,
organism:b4671a9e978f,Lycium barbarium,Lycium barbarium,,
organism:4b39bd01e76f,Lactobacillus helveticus,Lactobacillus helveticus,,
organism:14400de41171,broccoli,broccoli,,
organism:a73a2c5fc35a,Cordyceps gunnii,Cordyceps gunnii,,
organism:ba982ec24900,Armeniaca sibirica L. Lam.,Armeniaca sibirica L. Lam.,,
organism:5112356e80f8,Fortunella margarita,Fortunella margarita,,
organism:b2285842f439,Psidium guajava Linn.,Psidium guajava Linn.,,
organism:3028b57002d6,Camellia sinensis L.,Camellia sinensis L.,,
organism:8cf3d7fda1c1,Mauritia flexuosa,Mauritia flexuosa,,
organism:0e3d6cadd646,Allium macrostemon,Allium macrostemon,,
organism:2ffefd96906c,Ascophyllum nodosum (L.),Ascophyllum nodosum (L.),,
organism:f1102bf4d429,Fucus evanescens,Fucus evanescens,,
organism:7b3d0ff9317a,Acinetobacter baumannii,Acinetobacter baumannii,,
organism:6d4b79d2db68,Prunella vulgaris,Prunella vulgaris,,
organism:d85d28f16a6d,Ulva fasciata,Ulva fasciata,,
organism:91765f5c090f,Monostroma,Monostroma,,
organism:9d6ae94d3df6,Codium,Codium,,
organism:530e2fa4a885,Caulerpa,Caulerpa,,
organism:fe459c38217b,Photorhabdus temperata,Photorhabdus temperata,,
organism:5545c5c4ae9b,Codium isthmocladum,Codium isthmocladum,,
organism:97562b73e02a,Lactobacillus plantarum70810,Lactobacillus plantarum70810,,
organism:163ec12a26b2,Agave americana,Agave americana,,
organism:8b51714b81bc,Chlorophyceae,Chlorophyceae,,
organism:132f82aa1e81,Phaeophyceae,Phaeophyceae,,
organism:272daaeac2fc,Panax quinquefolius,Panax quinquefolius,,
organism:77a47a02cbca,Cordyceps sinensis,Cordyceps sinensis,,
organism:1253c820e7a2,Cipangopaludina chinensis,Cipangopaludina chinensis,,
organism:69c355d7c77a,Hylocereus undatus,Hylocereus undatus,,
organism:caac8da1a5ef,Abelmoschus esculentus L.,Abelmoschus esculentus L.,,
organism:0755f993bf54,Stropharia rugosoannulata,Stropharia rugosoannulata,,
organism:90d8ac1ec99d,Macrolepiota albuminosa (Berk.) Pegler,Macrolepiota albuminosa (Berk.) Pegler,,
organism:775591a8f7c6,Vitex negundo Linn,Vitex negundo Linn,,
organism:1e93d93e6aef,Plantago asiatica L.,Plantago asiatica L.,,
organism:fdabff536d9a,Chondrus ocellatus,Chondrus ocellatus,,
organism:2522ceb4e67a,Porphyra capensis,Porphyra capensis,,
organism:fb310284e00f,Fermentation,Fermentation,,
organism:956b9e1f119e,Tunicates,Tunicates,,
organism:45539a402f53,Crustaceans、Fungi,Crustaceans、Fungi,,
organism:2638805cd13d,Animal tissues,Animal tissues,,
organism:c8f99785dc40,Gastrodia elata Blume,Gastrodia elata Blume,,
organism:06b00ac5a565,Ulva,Ulva,,
organism:7a764a75b99a,Edible fungus,Edible fungus,,
organism:581e6f40bc22,Abelmoschus esculentus L,Abelmoschus esculentus L,,
organism:96413040ea07,Acacia,Acacia,,
organism:111cf2db6356,Crustacea,Crustacea,,
organism:bfb7e24f3c80,Acanthopanax sciadophylloides,Acanthopanax sciadophylloides,,
organism:1ebb0eef7ace,Polygonatum cyrtonema,Polygonatum cyrtonema,,
organism:16e18c808834,Saccharum officinarum,Saccharum officinarum,,
organism:52169aa4ea27,Algae,Algae,,
organism:9ac18aeb4818,Tuber,Tuber,,
organism:98883b97e35b,Fungi,Fungi,,
organism:83b1a4a45808,Lentinus squarrosulus,Lentinus squarrosulus,,
organism:8f4819d7f312,Sagittaria trifolia,Sagittaria trifolia,,
organism:b2a7c3044048,Crassiphycus birdiae,Crassiphycus birdiae,,
organism:d98cb0ba289c,Streptococcus,Streptococcus,,
organism:6a78436cb44a,Lentinan edodes,Lentinan edodes,,
organism:1bed638a2ab6,Embryophyta,Embryophyta,,
organism:51d2c8401863,Ribes nigrum,Ribes nigrum,,
organism:8d3959ea3022,Asparagus officinalis,Asparagus officinalis,,
organism:d8a7247cd174,Cantharellus cibarius,Cantharellus cibarius,,
organism:64ff12d55ec3,Punica granatum,Punica granatum,,
organism:55557fb3ea8c,Hippophae rhamnoides,Hippophae rhamnoides,,
organism:f6a381e1a4c4,Carthamus tinctorius,Carthamus tinctorius,,
organism:a2c8ccc51172,Eremurus Hissaricus,Eremurus Hissaricus,,
organism:451475af8420,Bangia fuscopurpurea,Bangia fuscopurpurea,,
organism:0d2b79d91928,Eupolyphaga sinensis,Eupolyphaga sinensis,,
organism:d91b22607027,Radix Aconiti Lateralis Preparata,Radix Aconiti Lateralis Preparata,,
organism:6814f177fe96,Lactobacillus,Lactobacillus,,
organism:9bcaa70ce364,Fructus Mori,Fructus Mori,,
organism:d9ffe8211810,Notarchus leachii freeri,Notarchus leachii freeri,,
organism:f897589f61a8,Betula,Betula,,
organism:5a6876ac00e4,Solanum tuberosum,Solanum tuberosum,,
organism:e1f795f1f0c9,Ruditapes philippinarum,Ruditapes philippinarum,,
organism:1c335a84600b,Annona squamosa,Annona squamosa,,
organism:2e65f805cd12,Dioscorea polystachya,Dioscorea polystachya,,
organism:ec5dcb7a4fb0,Cucurbita,Cucurbita,,
organism:62f1faad385b,Chinese quince,Chinese quince,,
organism:46657a9da2e7,Senna obtusifolia,Senna obtusifolia,,
organism:3a03be06a4a7,Camellia,Camellia,,
organism:1b52f8bc3818,Musa acuminata,Musa acuminata,,
organism:d9c4649e2ab8,Rubus anatolicus,Rubus anatolicus,,
organism:5e526af2d1b0,Enteromorpha prolifera,Enteromorpha prolifera,,
organism:686f220bfa32,Sesamum radiatum,Sesamum radiatum,,
organism:ce1be6360648,Aralia elata,Aralia elata,,
organism:9fc430da0961,Cynomorium songaricum,Cynomorium songaricum,,
organism:2a85f8ae1c23,Macroalgae,Macroalgae,,
organism:b36ac05b512f,Lilium brownii,Lilium brownii,,
organism:34dc2037a2a8,Phellinus ribis,Phellinus ribis,,
organism:1d7a9f96677f,Sarcandra glabra,Sarcandra glabra,,
organism:7e987e990dc6,Malus domestica,Malus domestica,,
organism:79de29ede2bd,Sinonovacula constricta,Sinonovacula constricta,,
organism:4f4bda4b1a70,Ganoderma atrum,Ganoderma atrum,,
organism:60909fef3059,Crustacean,Crustacean,,
organism:b5bf36f695f8,Avicennia marina,Avicennia marina,,
organism:08209014927f,Aconitum coreanum,Aconitum coreanum,,
organism:4c65032313fd,Schisandra sphenanthera,Schisandra sphenanthera,,
organism:e8c2bf33cc2b,Averrhoa carambola,Averrhoa carambola,,
organism:3e605c281bb3,Cymbopogon citratus,Cymbopogon citratus,,
organism:dc680990d17b,Atractylodes macrocephala,Atractylodes macrocephala,,
organism:40e7d12e697f,Odontella aurita,Odontella aurita,,
organism:6967d4462bb5,Gallus gallus,Gallus gallus,,
organism:11e8b4e9866e,Hymenaea courbaril,Hymenaea courbaril,,
organism:c471218f6f30,Litchi chinensis,Litchi chinensis,,
organism:50b63ebd2867,Crassostrea gigas,Crassostrea gigas,,
organism:416995465e65,Amaranthus caudatus,Amaranthus caudatus,,
organism:203d9667646c,Prunus dulcis,Prunus dulcis,,
organism:80510fa4eadb,Boletus edulis,Boletus edulis,,
organism:4d4d6c2f7900,Saussurea laniceps,Saussurea laniceps,,
organism:b6f9a132a4d9,Rosa roxburghii,Rosa roxburghii,,
organism:929f7f7041e0,Aloe vera,Aloe vera,,
organism:b38b616df502,Grateloupia livida,Grateloupia livida,,
organism:ffa3d2bb4d5e,Huangjiu,Huangjiu,,
organism:5fd69516f4dc,Meretrix meretrix,Meretrix meretrix,,
organism:a214382e6b64,Angelica pubescens,Angelica pubescens,,
organism:d6185123847c,Auricularia cornea,Auricularia cornea,,
organism:bf3028e0efff,Coprinus comatus,Coprinus comatus,,
organism:cdabc044beaa,Malus halliana,Malus halliana,,
organism:eb0d09530751,Corylus avellana L.,Corylus avellana L.,,
organism:c8eef5644343,Ziziphus Jujuba cv. Muzao,Ziziphus Jujuba cv. Muzao,,
organism:19990ec0f419,Suaeda salsa,Suaeda salsa,,
organism:7aaf352f908c,Ugni molinae,Ugni molinae,,
organism:624134db9f47,Lachancea thermotolerans,Lachancea thermotolerans,,
organism:dbf349a8f310,Torulaspora delbrueckii,Torulaspora delbrueckii,,
organism:761df19e0a8e,Schizosaccharomyces pombe,Schizosaccharomyces pombe,,
organism:7ae43f9da000,Hanseniaspora valbyensis,Hanseniaspora valbyensis,,
organism:1dde24441b81,Hanseniaspora uvarum,Hanseniaspora uvarum,,
organism:7e2269d18fd8,Metschnikowia pulcherrima,Metschnikowia pulcherrima,,
organism:7a3e83de035d,Pichia fermentans,Pichia fermentans,,
organism:0d0537df5bfe,Pichia,Pichia,,
organism:2f96d757b7c1,Starmerella bombicola,Starmerella bombicola,,
organism:c9b76b9ef735,Saccharomycodes ludwigii,Saccharomycodes ludwigii,,
organism:d22fe45fe67c,Zygosaccharomyces bailii,Zygosaccharomyces bailii,,
organism:f7c1f9b74a0b,Brettanomyces bruxellensis,Brettanomyces bruxellensis,,
organism:496dcca96bae,Lens culinaris,Lens culinaris,,
organism:1956035557b2,Pisum sativum,Pisum sativum,,
organism:b2b6b2815906,Cicer arietinum,Cicer arietinum,,
organism:c35ff082c971,Physalis alkekengi,Physalis alkekengi,,
organism:a5201078c7ea,Aspergillus versicolor,Aspergillus versicolor,,
organism:0c77626f88c6,Sipunculus nudus,Sipunculus nudus,,
organism:3c062ff49b51,Opuntia ficus-indica,Opuntia ficus-indica,,
organism:6594c31332aa,Haematococcus lacustris,Haematococcus lacustris,,
organism:8357e4974d31,Nostoc muscorum,Nostoc muscorum,,
organism:bb4dea211355,Aloe ferox,Aloe ferox,,
organism:039cf8070e8e,Paullinia cupana,Paullinia cupana,,
organism:eaa8826a9eaf,Auricularia auricula,Auricularia auricula,,
organism:6940336255ae,Prosopis alpataco,Prosopis alpataco,,
organism:c05720695e7e,Cassia tora,Cassia tora,,
organism:4edb013a143e,Lachnum,Lachnum,,
organism:32d606dc3451,Aphanothece stagnina,Aphanothece stagnina,,
organism:5cd2eea69a12,Actinidia chinensis,Actinidia chinensis,,
organism:f2323fbe0c6b,Actinidia deliciosa,Actinidia deliciosa,,
organism:196240368ace,Brugmansia aurea,Brugmansia aurea,,
organism:ecfb3dc0697c,Apostichopus japonicus,Apostichopus japonicus,,
organism:90b843fc4323,Valerianella locusta,Valerianella locusta,,
organism:6e82406cc51f,Laminaria saccharina,Laminaria saccharina,,
organism:04936b34ca3b,plant cell wall,plant cell wall,,
organism:9e309fc8709d,Grateloupia filicina,Grateloupia filicina,,
organism:fc2988a4e355,Soluble Starch,Soluble Starch,,
organism:f27eb324979b,Lactobacillus rhamnosus,Lactobacillus rhamnosus,,
organism:3b98759e2d34,Cordyceps gunnii var. minor,Cordyceps gunnii var. minor,,
organism:b1e6ae33a951,Caesalpinia spinosa,Caesalpinia spinosa,,
organism:9cfaffdd7cda,Helianthus tuberosus,Helianthus tuberosus,,
organism:6a1aa33696cf,Brassica rapa,Brassica rapa,,
organism:02343f0f8076,Macrocystis pyrifera,Macrocystis pyrifera,,
organism:b7067749e816,Bradyrhizobiumelkanii,Bradyrhizobiumelkanii,,
organism:3b66efaa5a2c,Actinomycetales,Actinomycetales,,
organism:fa060a13b235,Providencia stuartii,Providencia stuartii,,
organism:47eacc81707e,Proteus mirabilis,Proteus mirabilis,,
organism:fdc86b8080b1,Bergenia crassifolia,Bergenia crassifolia,,
organism:b1733fe8378e,Streptococcus pneumoniae,Streptococcus pneumoniae,,
organism:59e8841c34fa,Alaria fistulosa,Alaria fistulosa,,
organism:3bf40ca3ca01,Alaria marginata,Alaria marginata,,
organism:f69134361805,Laminaria cichorioides,Laminaria cichorioides,,
organism:102e1bfd11e4,Streptococcus macedonicus,Streptococcus macedonicus,,
organism:f4dd2e5d9d9e,Bostrychia montagnei,Bostrychia montagnei,,
organism:fb7960af6c8c,Lytechinus variegatus,Lytechinus variegatus,,
organism:4f770a59ef1a,Penicillium vermiculatum,Penicillium vermiculatum,,
organism:032175d92efe,Achyranthes bidentata,Achyranthes bidentata,,
organism:769de74c9fbd,Toxicodendron vernicifluum,Toxicodendron vernicifluum,,
organism:023ed78cc1d0,Porphyromonas circumdentaria,Porphyromonas circumdentaria,,
organism:3e14066a0378,Pseudomonas tolaasii,Pseudomonas tolaasii,,
organism:59e215b76142,Hafnia alvei,Hafnia alvei,,
organism:7235aac92105,Proteus vulgaris,Proteus vulgaris,,
organism:f88c9d8259be,Staphylococcus epidermidis,Staphylococcus epidermidis,,
organism:9dc54519fb0e,Neohydatothrips variabilis,Neohydatothrips variabilis,,
organism:cdf5e453f70d,Corbicula fluminea,Corbicula fluminea,,
organism:e49db66cbe7f,Naematelia aurantialba,Naematelia aurantialba,,
organism:9a202669305a,Morchella importuna fruiting bodies,Morchella importuna fruiting bodies,,
organism:66862e3a9876,Hippocampus mohnikei,Hippocampus mohnikei,,
organism:e994600553f5,Actinopyga mauritiana,Actinopyga mauritiana,,
organism:81a325c0d042,Staphylococcus aureus,Staphylococcus aureus,,
organism:09ba2fe97703,Lemna minor,Lemna minor,,
organism:a3b0f5e0bc89,Acer pseudoplatanus,Acer pseudoplatanus,,
organism:8ba32f1ee976,Aloe,Aloe,,
organism:a2039af1ea98,Auxenochlorella pyrenoidosa,Auxenochlorella pyrenoidosa,,
organism:be1d84a847fb,Canistrocarpus cervicornis,Canistrocarpus cervicornis,,
organism:1417c7f7dea2,Nitraria tangutorum Bobrov,Nitraria tangutorum Bobrov,,
organism:6b51036734b4,Pleurotus citrinopileatus Singer,Pleurotus citrinopileatus Singer,,
organism:902876241a0c,Zingiber officinale,Zingiber officinale,,
organism:f0f8f810dab5,Senegalia senegal,Senegalia senegal,,
organism:6ae836ba31c4,Arthrospira platensis,Arthrospira platensis,,
organism:a2706aa2c7c1,Citrus limetta,Citrus limetta,,
organism:85896c9e27a1,Bacillus velezensis,Bacillus velezensis,,
organism:3218f910976a,Pachyrhizus erosus,Pachyrhizus erosus,,
organism:ffcf3fbe6b49,Duchesnea indica,Duchesnea indica,,
organism:734ffa99cff7,Cucumis melo,Cucumis melo,,
organism:c609a913ce21,Lactobacillus plantarum HY,Lactobacillus plantarum HY,,
organism:1c72f5a4063d,Enterococcus faecium WEFA23,Enterococcus faecium WEFA23,,
organism:9038b74bc423,Citrus medica var. sarcodactylis,Citrus medica var. sarcodactylis,,
organism:3dbc0aba0ae5,Thelephora ganbajun,Thelephora ganbajun,,
organism:bf45c54dcaf1,Vigna radiata,Vigna radiata,,
organism:fe0ef6b348f6,Trollius chinensis,Trollius chinensis,,
organism:a2cef43209c8,Monascus purpureus,Monascus purpureus,,
organism:1c5abee129a0,Althaea officinalis,Althaea officinalis,,
organism:ca941e9b4b03,Castanea mollissima,Castanea mollissima,,
organism:24300f152cc2,Helicteres isora,Helicteres isora,,
organism:7ffef0654159,Enteromorpha intestinalis,Enteromorpha intestinalis,,
organism:00181e076ace,Isochrysis galbana,Isochrysis galbana,,
organism:239fbc961c10,Chaenomeles speciosa,Chaenomeles speciosa,,
organism:41da90b8310d,Fortunella japonica,Fortunella japonica,,
organism:a7dbff98804e,Malva sylvestris,Malva sylvestris,,
organism:15c802ab17d1,Cedrus deodara,Cedrus deodara,,
organism:465ded1222fa,Leucocoprinus birnbaumii,Leucocoprinus birnbaumii,,
organism:81179c05fafa,Dictyopteris divaricata,Dictyopteris divaricata,,
organism:25ef0eb07d1e,Kluyveromyces marxianus,Kluyveromyces marxianus,,
organism:3112420d0249,Polygonum aviculare,Polygonum aviculare,,
organism:af2a00130618,Periploca sepium,Periploca sepium,,
organism:5fe654ce09a9,Gynura segetum,Gynura segetum,,
organism:394eab24f36d,Lactobacillus fermentum,Lactobacillus fermentum,,
organism:2346fb0731d4,Agave sisalana,Agave sisalana,,
organism:f5fef1b22db0,Capsicum annuum,Capsicum annuum,,
organism:bdaa67c7dec1,Prunus pseudocerasus,Prunus pseudocerasus,,
organism:61f1c116a594,Saposhnikovia divaricata,Saposhnikovia divaricata,,
organism:51c111b9ae86,Boletus,Boletus,,
organism:592490afaac6,Hemerocallis fulva,Hemerocallis fulva,,
organism:a618a116cdcc,Phyllostachys,Phyllostachys,,
organism:3a676cf56b2b,Weissella cibaria,Weissella cibaria,,
organism:22dc876b34af,Ganoderma applanatum,Ganoderma applanatum,,
organism:c7d9078c7c12,Haliotis,Haliotis,,
organism:44947c70d57e,Lepiota,Lepiota,,
organism:d726e9204f2d,Chrysanthemum indicum,Chrysanthemum indicum,,
organism:fc2fbe843565,Pinctada,Pinctada,,
organism:786e7e3c193e,Aconitum carmichaelii,Aconitum carmichaelii,,
organism:b346892fa3b2,Clausena lansium,Clausena lansium,,
organism:eb7791110c8a,Eleutherococcus senticosus,Eleutherococcus senticosus,,
organism:d64950dec244,Dendrobium fimbriatum,Dendrobium fimbriatum,,
organism:a93dfb2cbea0,Hibiscus mutabilis,Hibiscus mutabilis,,
organism:f1d0ae26205e,Bacillus anthracis,Bacillus anthracis,,
organism:fbb16146adc7,Fritillaria cirrhosa,Fritillaria cirrhosa,,
organism:177016d1b429,Aureococcus anophagefferens,Aureococcus anophagefferens,,
organism:e693f9b1498a,Pseudomonas sp. PT-8,Pseudomonas sp. PT-8,,
organism:4383d51c96e5,Cyathula officinalis,Cyathula officinalis,,
organism:bfdbad46bc63,Apocynum venetum,Apocynum venetum,,
organism:a09b71cc096c,Gibberella zeae,Gibberella zeae,,
organism:6f57c6428ca8,Strobilomyces strobilaceus,Strobilomyces strobilaceus,,
organism:b0ff8a4b4561,Elaeagnus umbellata,Elaeagnus umbellata,,
organism:95314369cf60,Coffea,Coffea,,
organism:236158ab2de2,Mycobacterium tuberculosis,Mycobacterium tuberculosis,,
organism:ef2936921435,Fomitopsis pinicola,Fomitopsis pinicola,,
organism:5a7086c2f617,Rhodotorula sp.,Rhodotorula sp.,,
organism:1d15db1d22f4,Camellia oleifera,Camellia oleifera,,
organism:9b442d35195a,Ulva intestinalis,Ulva intestinalis,,
organism:d969a7ebb458,Panax japonicus,Panax japonicus,,
organism:79e37be7de1a,Dactyloctenium aegyptium,Dactyloctenium aegyptium,,
organism:7d8d695c7b9c,Boletaceae,Boletaceae,,
organism:9b1a79fdd165,Beauveria,Beauveria,,
organism:df8b72684a52,Zantedeschia aethiopica,Zantedeschia aethiopica,,
organism:9640b554acf6,Mesona chinensis,Mesona chinensis,,
organism:365dd0972b2d,Agaricus guizhouensis,Agaricus guizhouensis,,
organism:4270f54833a3,Lithospermum erythrorhizon,Lithospermum erythrorhizon,,
organism:183051b26b91,Fraxinus,Fraxinus,,
organism:3606318b94ec,Blechnum orientale,Blechnum orientale,,
organism:cbe1b651d889,Ligusticum chuanxiong,Ligusticum chuanxiong,,
organism:30e004c3bb72,Sargassum muticum,Sargassum muticum,,
organism:8148e7e0330f,Lactobacillus plantarum JLAU103,Lactobacillus plantarum JLAU103,,
organism:1c28743e9289,Senecio scandens,Senecio scandens,,
organism:60af898c45a5,Quercus glauca,Quercus glauca,,
organism:0cb01f444542,Fritillaria ussuriensis,Fritillaria ussuriensis,,
organism:9810138d24a9,Thalassia testudinum,Thalassia testudinum,,
organism:5697bee6f397,Pinellia ternata,Pinellia ternata,,
organism:a86ef3e8abc1,Choerospondias axillaris,Choerospondias axillaris,,
organism:7858936f737f,pseudocarp,pseudocarp,,
organism:c9d40b54d2da,Lepista nuda,Lepista nuda,,
organism:08702e7c56a1,Neophocaena asiaeorientalis,Neophocaena asiaeorientalis,,
organism:18d9e6b3086e,Lactobacillus plantarum,Lactobacillus plantarum,,
organism:5e7f56564687,Nitraria tangutorum,Nitraria tangutorum,,
organism:a8a84635e857,Physalis virginiana,Physalis virginiana,,
organism:61670b95205b,Athelia rolfsii,Athelia rolfsii,,
organism:57c0145d6c50,Streptococcus thermophilus,Streptococcus thermophilus,,
organism:a495d6011d53,Semliki Forest virus,Semliki Forest virus,,
organism:f80cc5639ab8,Artemisia annua,Artemisia annua,,
organism:7a18f9c482f0,Tuber sinense,Tuber sinense,,
organism:8a119c6ec2b3,Pteridium aquilinum,Pteridium aquilinum,,
organism:0645d95bbade,Dendrobium,Dendrobium,,
organism:cd4db894f898,Trypanosoma brucei,Trypanosoma brucei,,
organism:6dfb31bd36e6,Isaria farinosa,Isaria farinosa,,
organism:f5607728f2ad,Melia azedarach,Melia azedarach,,
organism:7e7fa7ff2713,Brassica napus,Brassica napus,,
organism:22172018f2ff,Keissleriella,Keissleriella,,
organism:8c8761ed5b46,Carex meyeriana,Carex meyeriana,,
organism:ad817bad673b,Rana chensinensis,Rana chensinensis,,
organism:8ad4ce105558,Rhodiola rosea,Rhodiola rosea,,
organism:1bad0e61f071,Brucella,Brucella,,
organism:0d5c6d51b387,Leymus chinensis,Leymus chinensis,,
organism:901968681bd5,Umbilicaria tornata,Umbilicaria tornata,,
organism:31c8f5078e7e,Pinus massoniana,Pinus massoniana,,
organism:050661c53f1a,Marasmius androsaceus,Marasmius androsaceus,,
organism:c14fccd94b49,Scutellaria barbata,Scutellaria barbata,,
organism:cf30218aba5e,Lactobacillus plantarum WLPL09,Lactobacillus plantarum WLPL09,,
organism:342b6ef3ddd2,Sanghuangporus vaninii,Sanghuangporus vaninii,,
organism:05045fc5e019,Potionem Sinensem Verdem,Potionem Sinensem Verdem,,
organism:7106026129a8,Paulownia fortunei,Paulownia fortunei,,
organism:93aedf2f31a1,Atractylodes Lancea,Atractylodes Lancea,,
organism:2ec74333b112,Pueraria montana,Pueraria montana,,
organism:ea6dc9fdae7b,Sagittaria sagittifoliaL.,Sagittaria sagittifoliaL.,,
organism:fd3e09730d86,Hermetia illucensL,Hermetia illucensL,,
organism:056e863615e4,Pyrus sinkiangensis Yu,Pyrus sinkiangensis Yu,,
organism:db92e7bed9ba,Athyrium multidentatum,Athyrium multidentatum,,
organism:856d6f65ec12,Cucumis metuliferus,Cucumis metuliferus,,
organism:cecc0d34beed,Momordica charantia L,Momordica charantia L,,
organism:999421aae9ea,Pyrola calliantha,Pyrola calliantha,,
organism:1a8a478e6e23,Scleromitrion diffusum,Scleromitrion diffusum,,
organism:ae01d78e432d,Cullen corylifolium,Cullen corylifolium,,
organism:4584ef79de30,Saussurea,Saussurea,,
organism:0b3cd6761f12,Russula griseocarnosa,Russula griseocarnosa,,
organism:28c70c95f906,Oudemansiella radicata,Oudemansiella radicata,,
organism:d726eabc3ebf,Leuconostoc pseudomesenteroides XG5,Leuconostoc pseudomesenteroides XG5,,
organism:8c8e5bf33444,Sepioteuthis lessoniana,Sepioteuthis lessoniana,,
organism:fd92eaa48590,Lactobacillus rhamnosus KF5,Lactobacillus rhamnosus KF5,,
organism:f736aa21495b,Lonicerajaponica,Lonicerajaponica,,
organism:9728ce0f1944,manchurian sauerkraut,manchurian sauerkraut,,
organism:0455c25c5507,fenugreek gum,fenugreek gum,,
organism:e8b83dd02f22,R. esculentum Kishinouye,R. esculentum Kishinouye,,
organism:fc77d095f7bb,Bacillus atrophaeus WYZ strain,Bacillus atrophaeus WYZ strain,,
organism:3544b53fc759,fermentum multicellular aggregates,fermentum multicellular aggregates,,
organism:e3f7fa023425,Salvia officinalis,Salvia officinalis,,
organism:75490f32c06a,tea,tea,,
organism:23fcb593421c,Gentiana scabra Bunge,Gentiana scabra Bunge,,
organism:a782ea1efb4b,Lactobacillus rhamnosus E/N,Lactobacillus rhamnosus E/N,,
organism:1e6ca2b26b63,Undaria pinnatifida Suringar,Undaria pinnatifida Suringar,,
organism:bc31dcde4aa4,Polygonum multiflorum,Polygonum multiflorum,,
organism:84f63e4cac36,boat-fruited sterculia seeds,boat-fruited sterculia seeds,,
organism:f08a069b5044,Weissella cibaria JAG8,Weissella cibaria JAG8,,
organism:47b6a259756f,Bamboo shoot,Bamboo shoot,,
organism:11ea6eac6d60,Lactobacillus plantarum RS20D,Lactobacillus plantarum RS20D,,
organism:7b97992b9d90,Cladophora glomerata,Cladophora glomerata,,
organism:47715e7643d4,Inula britannica,Inula britannica,,
organism:ca13e1708468,Lactobacillus helveticus MB2-1,Lactobacillus helveticus MB2-1,,
organism:a7465b544fed,Ecklonia cava,Ecklonia cava,,
organism:a77fbcac1b7c,longan,longan,,
organism:9cd9ab8b55a5,Lallemantia ibrica,Lallemantia ibrica,,
organism:7ea20004364d,marine bacterium Bacillus vallismortis,marine bacterium Bacillus vallismortis,,
organism:9b076051dcfe,Ficus carica,Ficus carica,,
organism:23bc366eebd4,Zizyphus jujuba cv. Huizao,Zizyphus jujuba cv. Huizao,,
organism:d7dc0d2da0bc,green alga Chlorella ellipsoidea,green alga Chlorella ellipsoidea,,
organism:a0e91a1d4bdb,Basella alba,Basella alba,,
organism:ed597c6f1cd7,Bacillus licheniformis,Bacillus licheniformis,,
organism:fbe2f5f9b4d2,sea urchin Paracentrotus lividus,sea urchin Paracentrotus lividus,,
organism:9b8d39c6fc62,infected BHK21-F cells,infected BHK21-F cells,,
organism:abb2e996a0a3,Aronia melanocarpa,Aronia melanocarpa,,
organism:33d6e9527bae,25 plant species,25 plant species,,
organism:957d46803ef2,Cyanobium,Cyanobium,,
organism:df5f337ea824,synthesize a pumpkin peel polysaccharide,synthesize a pumpkin peel polysaccharide,,
organism:49cfab883a41,Fructus Corni,Fructus Corni,,
organism:d683d595e20b,synthesize poly-D-mannose,synthesize poly-D-mannose,,
organism:404c6ee94e4f,Gelidium crinale,Gelidium crinale,,
organism:2904787c7d7a,Lactiplantibacillus plantarum dy-1,Lactiplantibacillus plantarum dy-1,,
organism:2ad7d48b158e,Aconiti Lateralis Radix Praeparata,Aconiti Lateralis Radix Praeparata,,
organism:1b8072d12aee,Allium schoenoprasum,Allium schoenoprasum,,
organism:b6887f02c51a,Lactuca sativa,Lactuca sativa,,
organism:14e5418b37c6,Panax ginseng C.A. Mey,Panax ginseng C.A. Mey,,
organism:c60f324ee27d,Korea red ginseng,Korea red ginseng,,
organism:13068973561a,Chrysanthemum,Chrysanthemum,,
organism:ce388723acfe,Acanthopanax giraldii,Acanthopanax giraldii,,
organism:118c5611661f,Citrus medica L. var.,Citrus medica L. var.,,
organism:4767590e8b1d,Caesalpinia gilliesii,Caesalpinia gilliesii,,
organism:4ac86920b355,Lactococcus lactis,Lactococcus lactis,,
organism:13d23bf9977f,Urtica fissa,Urtica fissa,,
organism:975977884476,Citrus reticulata,Citrus reticulata,,
organism:56925d51e181,Sargassum binderi,Sargassum binderi,,
organism:bd403fd00f9d,hulless barley grass,hulless barley grass,,
organism:c772e065fa44,Xizhoumi 17,Xizhoumi 17,,
organism:06549ff93453,Jinhuami 25,Jinhuami 25,,
organism:b8ba604b61de,Chougua,Chougua,,
organism:d787f56b0809,human,human,,
organism:5a1c274d3525,Inulin,Inulin,,
organism:2c3ee434d11e,Streptococcus mutans,Streptococcus mutans,,
organism:7d76d23ccc80,Ligustrum lucidum,Ligustrum lucidum,,
organism:c84052c61e83,Radix Ginseng,Radix Ginseng,,
organism:efcc2cb6d3df,Rhizoma Atractylodis Macrocephalae,Rhizoma Atractylodis Macrocephalae,,
organism:ee209fd269c1,Poria,Poria,,
organism:54b72ea6b8e3,Radix Glycyrrhizae,Radix Glycyrrhizae,,
organism:69d36dc98d0d,Bacillus subtilis sp.,Bacillus subtilis sp.,,
organism:4e5cab539bad,the pure mycelia of Pleurotus ostreatus,the pure mycelia of Pleurotus ostreatus,,
organism:6f5f781d916d,S. cannabina seed,S. cannabina seed,,
organism:ff0272315159,the spikes of Prunella vulgaris,the spikes of Prunella vulgaris,,
organism:773af2456d4a,oat,oat,,
organism:024b9a793303,Bactrocera cucurbitae,Bactrocera cucurbitae,,
organism:2f3bb55cc391,Morus alba L,Morus alba L,,
organism:3b451a313acd,X. nigripes,X. nigripes,,
organism:7460d8c2a25d,Millettia pulchra,Millettia pulchra,,
organism:23274e1006ee,Streptococcus thermophilus CH9,Streptococcus thermophilus CH9,,
organism:7f5eb2fd4aed,Rhizoma Arisaematis,Rhizoma Arisaematis,,
organism:a83b581d86af,Talinum triangulare,Talinum triangulare,,
organism:f640be34f63a,Streptococcus equi subsp. zooepidemicus C55129 (CP),Streptococcus equi subsp. zooepidemicus C55129 (CP),,
organism:69c13d24aeca,Trametes robiniophila Murrill,Trametes robiniophila Murrill,,
organism:cbc9b35001d4,Achillea millefolium,Achillea millefolium,,
organism:03f73ccd0819,Chinese Wolfberry,Chinese Wolfberry,,
organism:00acae226668,Citrus aurantifolia,Citrus aurantifolia,,
organism:baaf19e326be,probiotics Lactobacillus plantarum ZDY2013,probiotics Lactobacillus plantarum ZDY2013,,
organism:28d7f91a179c,Eucommia ulmoides,Eucommia ulmoides,,
organism:5d3ab0c213b6,Dipsacus asperoides,Dipsacus asperoides,,
organism:7b4c870fa9a6,Antheraea yamamai,Antheraea yamamai,,
organism:11bf709a4c9b,Korean persimmon vinegar,Korean persimmon vinegar,,
organism:91ccac1073e5,Nervilia fordii,Nervilia fordii,,
organism:c0ff50b9f3e6,Volvariella volvacea,Volvariella volvacea,,
organism:b1492291cbfc,Phellinus rimosus,Phellinus rimosus,,
organism:8a8dd4db1016,Andrographis paniculata,Andrographis paniculata,,
organism:ea0e19a5fbf4,Botrychium ternatum,Botrychium ternatum,,
organism:9c28272f0237,Crataegus monogyna,Crataegus monogyna,,
organism:df54f1d363fb,Morus,Morus,,
organism:b29bb37648dd,Gelidium amansii,Gelidium amansii,,
organism:b114cd0439f8,Hemicentrotus pulcherrimus,Hemicentrotus pulcherrimus,,
organism:44730a1673f6,spirulina,spirulina,,
organism:c98534c6ba39,Chlorellaceae,Chlorellaceae,,
organism:b1248b4b7dea,Aralia echinocaulis,Aralia echinocaulis,,
organism:26ba2f315a18,Citrus medica,Citrus medica,,
organism:2e862d46b3b7,Passiflora edulis Sims peel,Passiflora edulis Sims peel,,
organism:f29dc0b3523f,Chamaecyparis obtusa,Chamaecyparis obtusa,,
organism:93390f2da05b,Cyprinus carpio L.,Cyprinus carpio L.,,
organism:bc8a8a658045,Alhagi maurorum,Alhagi maurorum,,
organism:569ea1fe7f3f,Spirulina platensis,Spirulina platensis,,
organism:8a43245383ab,Eurotium cristatum,Eurotium cristatum,,
organism:4139c4843960,Bupleurum chinense,Bupleurum chinense,,
organism:0e1425b2affd,Cyclina sinensis,Cyclina sinensis,,
organism:b8794dc8e58d,AconitiLateralis Radix Praeparata,AconitiLateralis Radix Praeparata,,
organism:9ea366f226b6,Citrus bergamia,Citrus bergamia,,
organism:95d66c424007,Dalbergia odorifera,Dalbergia odorifera,,
organism:0dbb3fa8ac13,Panicum virgatum,Panicum virgatum,,
organism:36e2bbde184b,Sanghuangporus baumii,Sanghuangporus baumii,,
organism:2834a713f082,Costaria costata,Costaria costata,,
organism:ca1e111d0e14,Panax japonicus C.A. Meyer,Panax japonicus C.A. Meyer,,
organism:98c7b7bd9d94,Cristaria plicata,Cristaria plicata,,
organism:5a56a1f5d394,medicinal plants and fungi,medicinal plants and fungi,,
organism:e9026bb9d594,Bacillus mucilaginosus,Bacillus mucilaginosus,,
organism:05f057cc36b1,Diacronema viridis,Diacronema viridis,,
organism:627db000a8a7,yellow poinciana seed,yellow poinciana seed,,
organism:63c8e308a741,Dioscorea hemsleyi,Dioscorea hemsleyi,,
organism:6d82eb567bd9,Irvingia gabonensis,Irvingia gabonensis,,
organism:566e2eb1a7ee,Dioscorea oppositifolia,Dioscorea oppositifolia,,
organism:9f083518445e,Lallemantia royleana,Lallemantia royleana,,
organism:483c45989572,Dendrobium chrysotoxum,Dendrobium chrysotoxum,,
organism:4a83f352cc66,flaxseed mucilage,flaxseed mucilage,,
organism:2347efe0cbf3,Pleurotus citrinopileatus,Pleurotus citrinopileatus,,
organism:a34194ae9225,Mangifera indica L.,Mangifera indica L.,,
organism:11b0fea91331,Chaetomium globosum CGMCC 6882,Chaetomium globosum CGMCC 6882,,
organism:5a6eb755253b,Pistacia vera,Pistacia vera,,
organism:ee902a044212,Arthrocnemum indicum,Arthrocnemum indicum,,
organism:4516420927e1,Holothuria mexicana,Holothuria mexicana,,
organism:764f6e3c2b96,Paxillus involutus,Paxillus involutus,,
organism:6863e1fe2e64,Chrysanthemum x morifolium,Chrysanthemum x morifolium,,
organism:c02e20ca54a8,Eisenia bicyclis,Eisenia bicyclis,,
organism:2ac94ddc3b38,Lactuca sativa var. asparagina,Lactuca sativa var. asparagina,,
organism:4885f9ba81b1,Tichocarpus crinitus,Tichocarpus crinitus,,
organism:74dc88117a96,Prunus avium,Prunus avium,,
organism:69c00d3eb666,Ganoderma tsugae,Ganoderma tsugae,,
organism:468818efdcf3,Gluconobacter nephelii P1464,Gluconobacter nephelii P1464,,
organism:237455057fd3,Cassia obtusifolia,Cassia obtusifolia,,
organism:4f459a82296c,halophilic bacterium,halophilic bacterium,,
organism:9d80412aaad1,Chuanxiong rhizome,Chuanxiong rhizome,,
organism:59c800dac118,Tuber magnatum,Tuber magnatum,,
organism:f65f0413de74,Ananas comosus,Ananas comosus,,
organism:8d167a5e638a,Pleurotus tuber-regium,Pleurotus tuber-regium,,
organism:4a089d1ac6de,Sophora alopecuroides,Sophora alopecuroides,,
organism:d4d917557be5,Mentha,Mentha,,
organism:17c318d9761c,Chaetomium globosum,Chaetomium globosum,,
organism:ce854fca4b33,Sambucus adnata,Sambucus adnata,,
organism:8a1e69dddb7d,Rosa setate x Rosa rugosa,Rosa setate x Rosa rugosa,,
organism:d6b7a85ddb4b,Pueraria montana var. lobata,Pueraria montana var. lobata,,
organism:31dddacc8ec2,Bacillus thuringiensis,Bacillus thuringiensis,,
organism:fce3edd546ff,Pleurotus citrinipileatus,Pleurotus citrinipileatus,,
organism:20fb3d5834b7,Lactiplantibacillus plantarum,Lactiplantibacillus plantarum,,
organism:8e1c48bb0ef5,Coccidioides immitis,Coccidioides immitis,,
organism:d6c3dda98ed2,Rhodopseudomonas gelatinosa,Rhodopseudomonas gelatinosa,,
organism:b8338f4077ab,Azotobacter vinelandii,Azotobacter vinelandii,,
organism:814ce864f293,Mesocricetus auratus,Mesocricetus auratus,,
organism:9005abd44f1d,Clostridium perfringens A,Clostridium perfringens A,,
organism:58b77b959680,genus Pullularia,genus Pullularia,,
organism:4b7e0d942d18,Thyrogonia,Thyrogonia,,
organism:192c8740b7e3,Trichophyton mentagrophytes,Trichophyton mentagrophytes,,
organism:f791ae7c4992,Bacillus cereus,Bacillus cereus,,
organism:cad28a8b5301,The purified high molecular weight serogroup Y meningococcal,The purified high molecular weight serogroup Y meningococcal,,
organism:647c30fa02e1,Neisseria meningitidis,Neisseria meningitidis,,
organism:c710d732b76b,Streptococcus sp. 'group B',Streptococcus sp. 'group B',,
organism:b55fe93ebb0c,Fusobacterium nucleatum ATCC 10953,Fusobacterium nucleatum ATCC 10953,,
organism:930abe281b5e,Leishmania tropica,Leishmania tropica,,
organism:1dc666a8d57f,Micrococcus luteus,Micrococcus luteus,,
organism:24165ef6628b,Candida albicans,Candida albicans,,
organism:b8159f63046d,Rhizobium leguminosarum bv. trifolii,Rhizobium leguminosarum bv. trifolii,,
organism:1d91cd9aa198,Pectinatus cerevisiiphilus,Pectinatus cerevisiiphilus,,
organism:3f9b83ac3e57,supernatant culture medium after growth of strain 18RS21/67/1 (type II),supernatant culture medium after growth of strain 18RS21/67/1 (type II),,
organism:58afa3761e25,supernatant culture medium after growth of strain DS/1204/78 (type Ia),supernatant culture medium after growth of strain DS/1204/78 (type Ia),,
organism:928bd7b79292,Escherichia coli,Escherichia coli,,
organism:040ac619ecc2,bovine liver capsule,bovine liver capsule,,
organism:4078434930f8,pig laryngeal cartilage,pig laryngeal cartilage,,
organism:0a690a98c6f5,human milk,human milk,,
organism:4b9edcf4ce1f,normal human urine,normal human urine,,
organism:229e1712752d,Proteus,Proteus,,
organism:a105839907b8,Lactose-Utilizing Bacterium,Lactose-Utilizing Bacterium,,
organism:c9b5074ada51,he oral periodontopathogen Wolinella recta ATCC 33238,he oral periodontopathogen Wolinella recta ATCC 33238,,
organism:31fa468c3a4a,Nototodarus sloanii,Nototodarus sloanii,,
organism:b345cd3d1a5a,Listeria monocytogenes,Listeria monocytogenes,,
organism:4dcb4fd4b0dc,Shigella flexneri 2a,Shigella flexneri 2a,,
organism:dff0bafcc456,Corynebacterium flavescens,Corynebacterium flavescens,,
organism:f77adc2a21a2,human thoracic aorta,human thoracic aorta,,
organism:7e36b86d2e10,Phaseolus aureus,Phaseolus aureus,,
organism:1ffd458f00ec,excysted juvenile (EJ) of Paragonimus ohirai,excysted juvenile (EJ) of Paragonimus ohirai,,
organism:7587c15f4f4e,human plasma,human plasma,,
organism:8f25a8a2a216,urine,urine,,
organism:00d08b0c67c6,Penicillium charlesii,Penicillium charlesii,,
organism:88c7af0b271b,purified human umbilical cord hyaluronate,purified human umbilical cord hyaluronate,,
organism:3c7582918021,filamentous blue-green alga (Anabaena variabilis),filamentous blue-green alga (Anabaena variabilis),,
organism:261ecb3aeb9b,Benzhydrazone,Benzhydrazone,,
organism:4353d3257414,Acetobacter xylinum,Acetobacter xylinum,,
organism:d4d8658d9a78,Congenital dyserythropoietic anaemia type II (HEMPAS),Congenital dyserythropoietic anaemia type II (HEMPAS),,
organism:78a26461202c,Botryodiplodia theobromae,Botryodiplodia theobromae,,
organism:4b696327299c,muscle,muscle,,
organism:bfbe8f5ecfbe,alveoli of patients with alveolar proteinosis,alveoli of patients with alveolar proteinosis,,
organism:9d365cff43eb,human alveolar bone,human alveolar bone,,
organism:b6da073309ce,Aeromonas hydrophila serotype,Aeromonas hydrophila serotype,,
organism:f91d553291f9,serum,serum,,
organism:55f0b56e77fe,tissues and urine of patients with an inherited deficiency of lysosomal alpha-L-fucosidase (fucosidosis),tissues and urine of patients with an inherited deficiency of lysosomal alpha-L-fucosidase (fucosidosis),,
organism:ec257108dcd0,Thyroid slices,Thyroid slices,,
organism:f9c43e55a1d9,Rhizobium leguminosarum,Rhizobium leguminosarum,,
organism:d120d72e94fe,rat epididymis,rat epididymis,,
organism:42bc67a36496,human platelets,human platelets,,
organism:92fc63979b2b,Leucomphalos mildbraedii,Leucomphalos mildbraedii,,
organism:2732e39c8da2,liver and spleen of the case of Hurler's syndrome,liver and spleen of the case of Hurler's syndrome,,
organism:b0dd63248d8b,"urine of three patients with Hurler's, Hunter's and Morquio's syndromes and also from the liver and spleen of the case of Hurler's syndrome","urine of three patients with Hurler's, Hunter's and Morquio's syndromes and also from the liver and spleen of the case of Hurler's syndrome",,
organism:e16d7d556c3f,human pathological IgM,human pathological IgM,,
organism:020337fbcc37,PC12 cells and neuronal cells of rat embryo,PC12 cells and neuronal cells of rat embryo,,
organism:ff577a2ff889,Histoplasma capsulatum,Histoplasma capsulatum,,
organism:1a49cf402408,pig uterus,pig uterus,,
organism:371b8150edd8,rat hepatocytes,rat hepatocytes,,
organism:cf3a0d4ce7e2,Alcaligenes faecalis,Alcaligenes faecalis,,
organism:2d3c33c48cb4,"calf kidney, pancreas, thymus, and liver, as well as from hen oviduct","calf kidney, pancreas, thymus, and liver, as well as from hen oviduct",,
organism:dd1fb6ac3798,(DBA/1×CBA-T6T6)F1 mice,(DBA/1×CBA-T6T6)F1 mice,,
organism:9d0db9b1c5ae,Cricetulus griseus,Cricetulus griseus,,
organism:e9d4e2d81b6f,endolymphatic sac,endolymphatic sac,,
organism:863d9a098dab,Agrobacterium radiobacter,Agrobacterium radiobacter,,
organism:9e03d8cf0af4,Coxiella burnetii strain Nine Mile in phase I,Coxiella burnetii strain Nine Mile in phase I,,
organism:dfec91de2622,Bacteroides gingivalis,Bacteroides gingivalis,,
organism:141ace5a8ca8,influenza A virus,influenza A virus,,
organism:6edc605b39b0,Influenza-virus-infected cells,Influenza-virus-infected cells,,
organism:203e468ac620,Streptomyces sp.,Streptomyces sp.,,
organism:0ef7b216adc6,mouse L-cells,mouse L-cells,,
organism:b931b36813fe,Curcuma aromatica,Curcuma aromatica,,
organism:2373124ed45b,Mulberry tree,Mulberry tree,,
organism:8ebaec2228f8,Rhizoclonium riparium,Rhizoclonium riparium,,
organism:eeb8021e808d,Paenibacillus polymyxa,Paenibacillus polymyxa,,
organism:1d5119548967,Aleuria aurantia,Aleuria aurantia,,
organism:b96ae591fd61,Aconitum kusnezoffii,Aconitum kusnezoffii,,
organism:f2590265de64,Pestalotiopsis,Pestalotiopsis,,
organism:b81248f5ba77,Theaceae,Theaceae,,
organism:7fcd17a7c646,Rhodiola crenulata,Rhodiola crenulata,,
organism:84dfc439ca44,Detarium senegalense,Detarium senegalense,,
organism:7c1ef5f4d3bd,Halenia elliptica,Halenia elliptica,,
organism:592cd71f0273,Cuscuta chinensis,Cuscuta chinensis,,
organism:2ad0a29c3b62,Actaea cimicifuga,Actaea cimicifuga,,
organism:0618fef703bf,Combretum indicum,Combretum indicum,,
organism:5cf61bc5453b,Microcystic aeruginosa,Microcystic aeruginosa,,
organism:cf41fadbd11f,Keissleriella sp.,Keissleriella sp.,,
organism:3c5eeacbe163,Hedyotis,Hedyotis,,
organism:adfb74e4e446,Morehella esculenta,Morehella esculenta,,
organism:7c26d5a4650d,Citrus medica L. var. sarcodactylis,Citrus medica L. var. sarcodactylis,,
organism:44fb32e3c5ab,Viscum coloratum,Viscum coloratum,,
organism:3625601bb65c,Coix lacryma-jobi,Coix lacryma-jobi,,
organism:88e8840782df,Cubamyces lactineus,Cubamyces lactineus,,
organism:52511b232078,Sargassum pallidum,Sargassum pallidum,,
organism:0c4901e84265,Morus australis,Morus australis,,
organism:305ae6118c33,Pleurotus giganteus,Pleurotus giganteus,,
organism:6321664c5d90,Pentanema britannica,Pentanema britannica,,
organism:73a189b23180,Rosae Laevigatae,Rosae Laevigatae,,
organism:a8e4eed8360d,Bacillus subtilis,Bacillus subtilis,,
organism:5e989e220a2e,Catathelasma ventricosum,Catathelasma ventricosum,,
organism:4f47d4744f8e,Lactococcus,Lactococcus,,
organism:5892d3d67109,Leuconostoc mesenteroides,Leuconostoc mesenteroides,,
organism:33098764d79d,Vaccinium vitis-idae,Vaccinium vitis-idae,,
organism:99ed0aa30c16,Rosae Laevigatae Fructus,Rosae Laevigatae Fructus,,
organism:a417a3f247dc,Leleba oldhami,Leleba oldhami,,
organism:5472c7705c58,Pinellia pedatisecta,Pinellia pedatisecta,,
organism:4e118fb0e536,Cucurbitaceae,Cucurbitaceae,,
organism:4502f3400da0,Vaccinium vitis-idaea,Vaccinium vitis-idaea,,
organism:397758ba8f10,Aquilaria sinensis,Aquilaria sinensis,,
organism:95cbeff22537,Annona muricata,Annona muricata,,
organism:932e329890a9,Sargussum vulgare,Sargussum vulgare,,
organism:a679708ddec5,Pleurotus djamor,Pleurotus djamor,,
organism:ddc31f9240b5,Coptis chinensis,Coptis chinensis,,
organism:561b211e55f5,Cucumaria frondosa,Cucumaria frondosa,,
organism:a222606a33ce,Salacia oblonga,Salacia oblonga,,
organism:6c1aa58a1c0e,Sargassum confusum,Sargassum confusum,,
organism:29cd065c3002,Cinnamomum verum,Cinnamomum verum,,
organism:c94459592f93,Physalis pubescens,Physalis pubescens,,
organism:37002278e4ac,Atractylodes chinensis,Atractylodes chinensis,,
organism:3257f45ef3fd,Poncirus trifoliata,Poncirus trifoliata,,
organism:676d9c496a62,Cucurbita pepo,Cucurbita pepo,,
organism:0d423cf0adb8,Pinus densiflora,Pinus densiflora,,
organism:c65befc4dba0,Pinus armandii,Pinus armandii,,
organism:9c11796dae6e,Larix sibirica,Larix sibirica,,
organism:90b2668d42b1,Ornithogalum caudatum,Ornithogalum caudatum,,
organism:64ba168636b5,Curcuma longa,Curcuma longa,,
organism:a9f6ed7ca24b,Sanguisorba officinalis,Sanguisorba officinalis,,
organism:00dad05b7878,Mangifera pajang,Mangifera pajang,,
organism:d5eebd00b88e,Morchella,Morchella,,
organism:284adaf7ab4c,Abelmoschus manihot,Abelmoschus manihot,,
organism:22296d3748eb,Acanthopanax senticosus,Acanthopanax senticosus,,
organism:b401dc5aa179,Corallina officinalis,Corallina officinalis,,
organism:89f32f94a86f,Solanum nigrum,Solanum nigrum,,
organism:2da5d0bf246c,Scapharca subcrenata,Scapharca subcrenata,,
organism:6f3269f4cccc,Taraxacum officinale,Taraxacum officinale,,
organism:7f54e3d1caaf,Angelica dahurica,Angelica dahurica,,
organism:117a03f433fa,Ziziphus jujuba var. spinosa,Ziziphus jujuba var. spinosa,,
organism:32e13d945123,Viola odorata,Viola odorata,,
organism:ccada3467d26,Ganoderma,Ganoderma,,
organism:8979a2380eaa,Prunus mume,Prunus mume,,
organism:11ba490a4eb1,Gentiana scabra,Gentiana scabra,,
organism:2429ce0d6bf9,Lactobacillus plantarum WCFS1,Lactobacillus plantarum WCFS1,,
organism:0c1c1e9ae39c,Ephedra,Ephedra,,
organism:a346ee92e571,Allium tuberosum,Allium tuberosum,,
organism:847b86fbb6c3,Polygala tenuifolia,Polygala tenuifolia,,
organism:058248b3146e,Bulbophyllum,Bulbophyllum,,
organism:fceee2b15a23,Arabidopsis thaliana,Arabidopsis thaliana,,
organism:8681fbd9a11a,Populus,Populus,,
organism:dc80dc1a2d43,Ustilago maydis,Ustilago maydis,,
organism:f045dae469ab,Polygonatum odoratum,Polygonatum odoratum,,
organism:aa507cfe0e5a,Eleutherococcus sessiliflorus,Eleutherococcus sessiliflorus,,
organism:735b19d4a6ef,Camellia japonica,Camellia japonica,,
organism:14786acc3e6a,Malva aegyptiaca,Malva aegyptiaca,,
organism:465df3919597,Rubus suavissimus,Rubus suavissimus,,
organism:7b6003354143,Porphyra,Porphyra,,
organism:374131962662,Illicium verum,Illicium verum,,
organism:a359b82c6f44,Verbena canadensis,Verbena canadensis,,
organism:027726c33cb7,Typha,Typha,,
organism:1a8a3f1b7193,Gelidium,Gelidium,,
organism:089de8021982,Lactobacillus plantarum JAAS8,Lactobacillus plantarum JAAS8,,
organism:a376916f59a4,Lactobacillus plantarum JAAS9,Lactobacillus plantarum JAAS9,,
organism:75497fb3c230,Senna tora,Senna tora,,
organism:dee1cc52a08f,Polystichum craspedosorum,Polystichum craspedosorum,,
organism:8a40442d0df0,Microcystis aeruginosa,Microcystis aeruginosa,,
organism:48beb7644997,Ganoderma sinense,Ganoderma sinense,,
organism:03f773d27034,Dendrobium moniliforme,Dendrobium moniliforme,,
organism:ee636899bc4f,Durio zibethinus,Durio zibethinus,,
organism:e4f082a4e9f3,Carica papaya,Carica papaya,,
organism:6004f93d3406,Forsythia suspensa,Forsythia suspensa,,
organism:bf7864bcbe80,Phaeodactylum tricornutum,Phaeodactylum tricornutum,,
organism:553f1a572acb,Nannochloropsis,Nannochloropsis,,
organism:56669a859e03,Chlorella,Chlorella,,
organism:d29715278d88,Ampelopsis megalophylla,Ampelopsis megalophylla,,
organism:4dffc4259d44,Rigidoporus ulmarius,Rigidoporus ulmarius,,
organism:6324ff51a866,"Phaeophyceae,Echinodermata","Phaeophyceae,Echinodermata",,
organism:6fca5cee41af,Cichorium intybus,Cichorium intybus,,
organism:0d49b152e2c6,Larix gmelinii,Larix gmelinii,,
organism:8ac68c9a7dbb,Nostoc Sphaeroides,Nostoc Sphaeroides,,
organism:7242d95c47d1,Mulberry fungus,Mulberry fungus,,
organism:ba7c7c8f8eb4,Boletus aereus,Boletus aereus,,
organism:88c899f1c960,Maianthemum japonicum,Maianthemum japonicum,,
organism:0c53040c67e5,Symphytum officinale,Symphytum officinale,,
organism:acee93d470d6,Acanthophora spicifera,Acanthophora spicifera,,
organism:0b636f8bc3c6,Mung bean,Mung bean,,
organism:908bc5947efc,Crocus sativus,Crocus sativus,,
organism:792308efe37a,Paeonia suffruticosa,Paeonia suffruticosa,,
organism:46f7b1d29882,Suaeda fruticosa,Suaeda fruticosa,,
organism:62ef96b92a16,Porphyridium cruentum,Porphyridium cruentum,,
organism:04543122cf0a,Platymonas,Platymonas,,
organism:bc47ff8bdbc1,Nannochloropsis sp.,Nannochloropsis sp.,,
organism:74c1e53dece2,Schizochytrium sp.,Schizochytrium sp.,,
organism:a025b12e62a6,Chimonobambusa quadrangularis,Chimonobambusa quadrangularis,,
organism:e15685ffe89f,Isochrysisgalbana,Isochrysisgalbana,,
organism:43a35f603458,Taxus wallichiana,Taxus wallichiana,,
organism:f867063b2023,Sesbania cannabina,Sesbania cannabina,,
organism:f6a46f9385da,Solanum tuberdsm,Solanum tuberdsm,,
organism:840c0fce8e09,Malus micromalus,Malus micromalus,,
organism:2ec2c0ebbf2a,Helvella leucopus,Helvella leucopus,,
organism:80c7bf376bb0,Nostoc flagelliforme,Nostoc flagelliforme,,
organism:3403c8d83527,Termitornyces albuminosus,Termitornyces albuminosus,,
organism:2a3a2904f56c,Ostrea rivularis,Ostrea rivularis,,
organism:2eaf0be0fe1b,Schinus terebinthifolia,Schinus terebinthifolia,,
organism:6917f9e460ea,Schinus molle,Schinus molle,,
organism:05bcaa6ee9a0,Medicines herbal Sinice,Medicines herbal Sinice,,
organism:9d6081356b60,Amylose,Amylose,,
organism:3976d260cfce,Sargassum angustifolium,Sargassum angustifolium,,
organism:eb14e4f8ffd7,Pyropolyporus fomentarius,Pyropolyporus fomentarius,,
organism:4140f999ccca,Fuscoporia torulosa,Fuscoporia torulosa,,
organism:27bd451c8406,Ganoderma adspersum,Ganoderma adspersum,,
organism:c231ab0db949,Porodaedalea pini,Porodaedalea pini,,
organism:a41322a20258,Rhododendron arboreum,Rhododendron arboreum,,
organism:72ca69ec2747,Zanthoxylum armatum,Zanthoxylum armatum,,
organism:f17ded9743dd,Plants,Plants,,
organism:bf89a66d4e85,Starch,Starch,,
organism:7bef62d5cc9e,Glycyrrhiza inﬂata,Glycyrrhiza inﬂata,,
organism:7f73d09fcfd0,Patinopecten yessoensis,Patinopecten yessoensis,,
organism:ed2ff2496b3e,Cedrela sinensis,Cedrela sinensis,,
organism:ba40e24598fc,Pantoea agglomerans,Pantoea agglomerans,,
organism:d3d44a331b00,Typha domingensis,Typha domingensis,,
organism:726fa735a07a,Sepia officinalis,Sepia officinalis,,
organism:2ee0814c52ec,Colocasia esculenta,Colocasia esculenta,,
organism:75402f38e89a,Ascophyllum nodosum,Ascophyllum nodosum,,
organism:4a247a53d926,Salicornia,Salicornia,,
organism:326bb52443fb,Adansonia digitata,Adansonia digitata,,
organism:092022589f37,Mentha haplocalyx,Mentha haplocalyx,,
organism:257c4a11b62c,Saccharina latissima,Saccharina latissima,,
organism:c07ff623ff57,Melaleuca alternifolia,Melaleuca alternifolia,,
organism:21d99ca7758b,Sarcodia ceylonensis,Sarcodia ceylonensis,,
organism:db3a03be2260,Durvillaea antarctica,Durvillaea antarctica,,
organism:76f685617000,Sechium edule,Sechium edule,,
organism:c2a86ef2c723,Diatom,Diatom,,
organism:ef49ac744638,Sphallerocarpus gracilis,Sphallerocarpus gracilis,,
organism:ab4a64548f4c,Citrus x aurantium,Citrus x aurantium,,
organism:d13350d4f829,Morun nigra L.,Morun nigra L.,,
organism:e1e2c1eae7f0,Edwardsia sipunculoides,Edwardsia sipunculoides,,
organism:4c5011343ebe,Macrocybe gigantea,Macrocybe gigantea,,
organism:c4c5849800aa,Hirsutella sp.,Hirsutella sp.,,
organism:1c0c4f045f1d,Semen Cassiae,Semen Cassiae,,
organism:3cc03346bdfc,Sargassum qingdaoense,Sargassum qingdaoense,,
organism:e6d803e449e0,alfalfa,alfalfa,,
organism:094327bae117,Tricholoma lobayense,Tricholoma lobayense,,
organism:0947fcc917eb,olive,olive,,
organism:4f19f864085d,Coriolus,Coriolus,,
organism:9f719835fccc,brown seaweed,brown seaweed,,
organism:0148d83165f2,nori,nori,,
organism:3ebea0eaf8cc,Hongluosuzao algae.,Hongluosuzao algae.,,
organism:0b1d3e233afb,Haematococcus pluvialis,Haematococcus pluvialis,,
organism:b9b3c93a7e1c,Fossil,Fossil,,
organism:d14c9c40a363,Arthrospira,Arthrospira,,
organism:57898a55eaf8,Ganoderma japonicum,Ganoderma japonicum,,
organism:5e552605c5dd,Tricholoma mongolicum,Tricholoma mongolicum,,
organism:a4df67c16611,Gloeostereum incarnatum,Gloeostereum incarnatum,,
organism:7d5945c77c1e,Bambuseae,Bambuseae,,
organism:32c6f9155bc0,Phyllostachys nigra（Lodd.）Munro,Phyllostachys nigra（Lodd.）Munro,,
organism:8684819c4d81,Phyllostachys vivax,Phyllostachys vivax,,
organism:cd72d1bb2f3b,Phyllostachys bambussoides,Phyllostachys bambussoides,,
organism:866f41c7f4af,Leleba oldhami Nakal,Leleba oldhami Nakal,,
organism:91e96dd332ee,Adlay,Adlay,,
organism:c4fd3efd246e,Cyathulae officinalis,Cyathulae officinalis,,
organism:ef57ca768e6c,Parkia biglobosa,Parkia biglobosa,,
organism:d38489148847,Cabernet Sauvignon,Cabernet Sauvignon,,
organism:899d263d0eb9,Paraisaria gracilis,Paraisaria gracilis,,
organism:7761f09ba337,Paenibacillus mucilaginosus,Paenibacillus mucilaginosus,,
organism:6fead8ac91c6,Piteguo fruit,Piteguo fruit,,
organism:27ab207b8bf7,Terminalia macroptera,Terminalia macroptera,,
organism:7767f05adf2c,Pleurotus cornucopiae,Pleurotus cornucopiae,,
organism:9bdda09e629d,Rhynchosia minima,Rhynchosia minima,,
organism:d2e084c3595a,Sargassum horneri,Sargassum horneri,,
organism:44213f9f4d59,Coffee,Coffee,,
organism:d4d09c56189a,Myrtus communis,Myrtus communis,,
organism:10aaca35c53a,Quercus branti,Quercus branti,,
organism:044b9a868209,Salvia miltiorrhiza Bunge,Salvia miltiorrhiza Bunge,,
organism:e4506eb2e72a,Elaeagnus angustifolia,Elaeagnus angustifolia,,
organism:1a69228ec69a,Radix auricularia,Radix auricularia,,
organism:c8e1fc17f8b2,Phellinus baumii,Phellinus baumii,,
organism:4ca348e23602,Cordyceps cicadae,Cordyceps cicadae,,
organism:ba12c36222d9,Abies sibirica,Abies sibirica,,
organism:aa52796c879c,Stachys sieboldii,Stachys sieboldii,,
organism:526235f9e762,Cordyceps kyusyuensis,Cordyceps kyusyuensis,,
organism:7a37975725f0,Ilex kudingcha,Ilex kudingcha,,
organism:193d734512c3,Codium fragile,Codium fragile,,
organism:d98791f8e1d2,Cereals,Cereals,,
organism:a0abf83c8531,Haloterrigena turkmenica,Haloterrigena turkmenica,,
organism:bcfdfb0e6049,Acetobacterium Balch,Acetobacterium Balch,,
organism:20b8cc68a80b,Bacillus circulans,Bacillus circulans,,
organism:9acf20a56a4d,Bacillus flexus,Bacillus flexus,,
organism:cd9a41d0a5a3,Bacillus licheniformis strain T14,Bacillus licheniformis strain T14,,
organism:47ee99bfd095,Bacillus sp. S-1,Bacillus sp. S-1,,
organism:c6c49a6df036,Asparagus schoberioides,Asparagus schoberioides,,
organism:b2b017eff37d,Syngnathus schlegeli,Syngnathus schlegeli,,
organism:458d85a1e2c5,Arthropods,Arthropods,,
organism:100f132e095d,Methylobacterium organophilum,Methylobacterium organophilum,,
organism:d072f4006ddb,Sphingomonas elodea,Sphingomonas elodea,,
organism:4d5b7f5bd600,Cola spp,Cola spp,,
organism:f4746e4cef9f,Grewia mollis,Grewia mollis,,
organism:2f9e67b2cdcc,Hoheria populnea,Hoheria populnea,,
organism:7a1e60f5a73c,Sepiella maindroni,Sepiella maindroni,,
organism:d13c8e1e3b84,Ostrea talienwhanensis,Ostrea talienwhanensis,,
organism:40284b9db2d3,Strongylocentrotus nudus,Strongylocentrotus nudus,,
organism:c304bc11d0d2,Unionidae,Unionidae,,
organism:9406fa4ffbef,Beta vulgaris,Beta vulgaris,,
organism:1717a47e6c47,Antrodia cinnamomea strain B86,Antrodia cinnamomea strain B86,,
organism:d36adf9ccad7,Sargentodoxa cuneata,Sargentodoxa cuneata,,
organism:0261bd0eb6b1,Se-enriched Grifola frondosa,Se-enriched Grifola frondosa,,
organism:c51ff5b4eb9c,Unspecified species,Unspecified species,,
organism:2de1a6e1b4c1,Laminaria digitata,Laminaria digitata,,
organism:e7ca22626c16,Crustaceans and Fungi,Crustaceans and Fungi,,
organism:c14b1c3f8947,"Sargassum mcclurei,Sargassum polycystum,Turbinaria ornata, Dictyota and Turbinaria","Sargassum mcclurei,Sargassum polycystum,Turbinaria ornata, Dictyota and Turbinaria",,
organism:6a21caa8e4d9,Cryptonemia seminervis,Cryptonemia seminervis,,
organism:f13d1996ef47,Vitellaria paradoxa,Vitellaria paradoxa,,
organism:0c009d8b4334,Codonopsis pilosula var modesta,Codonopsis pilosula var modesta,,
organism:f2bef9732d5c,Vanderbylia robiniophila,Vanderbylia robiniophila,,
organism:42ef47863af2,Hirsutella,Hirsutella,,
organism:a7f4a6eb348a,Purple Sweet Potato,Purple Sweet Potato,,
organism:d095ea05e233,Pollen,Pollen,,
organism:ba6d6a41b954,Sugarcane,Sugarcane,,
organism:7cacb75c4cc3,Corn,Corn,,
organism:e8002c169040,Wood,Wood,,
organism:8cd2fa64501d,Russula albonigra,Russula albonigra,,
organism:5fd9dfd45305,Trametes orientalis,Trametes orientalis,,
organism:8972ec8bb5ee,Entoloma lividoalbum,Entoloma lividoalbum,,
organism:b3c1798dfe5b,Laminariales,Laminariales,,
organism:e24c63672535,Rooster's comb,Rooster's comb,,
organism:d1bdb863959f,Rooster combs,Rooster combs,,
organism:d8fd0f84caec,senegal senegal,senegal senegal,,
organism:3b9790ff638a,Seaweed,Seaweed,,
organism:be8a75595f64,Higher plants,Higher plants,,
organism:9643703ac0cc,Acinetobacter baumanii,Acinetobacter baumanii,,
organism:1d56862c1006,Codonopsis lanceolata,Codonopsis lanceolata,,
organism:6b2fc3578680,Sargassum tenerrimum,Sargassum tenerrimum,,
organism:72e39966aa80,Opuntia macrorhiza,Opuntia macrorhiza,,
organism:9ef6c9ce237b,Agrobacterium,Agrobacterium,,
organism:a9be9ac6a615,Halomonas,Halomonas,,
organism:9bbdd8e353cb,Sphingomonas,Sphingomonas,,
organism:32589e53ff3e,Rhizobium,Rhizobium,,
organism:7df24fccd1c0,Pseudomonas、Azotobacter,Pseudomonas、Azotobacter,,
organism:7f7358c14d73,Xanthomonas,Xanthomonas,,
organism:f2cf01d2a8cd,Myxobacteria,Myxobacteria,,
organism:50f68e4e321c,Myxococcus,Myxococcus,,
organism:14e8b749ad74,Pseudomonas fluorescens,Pseudomonas fluorescens,,
organism:a9f524f00fd6,"Aquatic weeds, trees, and seeds","Aquatic weeds, trees, and seeds",,
organism:4ce882254cc5,Brassica juncea,Brassica juncea,,
organism:ce6d982c7f2b,Verbena officinalis,Verbena officinalis,,
organism:c9121c9f1d64,Millettia reticulata,Millettia reticulata,,
organism:e836cfc6dc54,Artemisia desertorum,Artemisia desertorum,,
organism:11342f0057ce,Salix variegata,Salix variegata,,
organism:04af67d5d8b4,Lycium europaeum,Lycium europaeum,,
organism:1382ce3301e8,Sophora japonica,Sophora japonica,,
organism:b2c4930723dc,Porphyra yezoensis,Porphyra yezoensis,,
organism:00f86cc79619,Selaginella tamariscina,Selaginella tamariscina,,
organism:199224e54331,Trichosanthes kirilowii,Trichosanthes kirilowii,,
organism:1a5394b3795e,Cyperus rotundus,Cyperus rotundus,,
organism:7d840b41bed4,Hemerocallis citrina,Hemerocallis citrina,,
organism:96e19df8be85,Symplocos paniculata,Symplocos paniculata,,
organism:4bdc6a8c0166,Termitomyces,Termitomyces,,
organism:e9f0c7bffb43,Russula virescens,Russula virescens,,
organism:90d0c7a67f43,Ligustrum sinense,Ligustrum sinense,,
organism:bcda607d5ebe,Acer palmatum,Acer palmatum,,
organism:0a42c593595c,Potentilla chinensis,Potentilla chinensis,,
organism:009fe942305b,Chimonanthus praecox,Chimonanthus praecox,,
organism:5a4d0fb44b50,Rosa canina,Rosa canina,,
organism:e909c95d8fc2,Caryota mitis,Caryota mitis,,
organism:c63240ffb389,Chamaerops humilis,Chamaerops humilis,,
organism:183e544c5601,Sambucus nigra,Sambucus nigra,,
organism:7b07c1c88041,Vachellia tortilis,Vachellia tortilis,,
organism:b7025f27be31,Rumex sibiricus,Rumex sibiricus,,
organism:f8c7a0abb7c9,Russula,Russula,,
organism:cdfec7e2a36c,Ribes rubrum,Ribes rubrum,,
organism:dd27eb53688b,Cynomorium coccineum,Cynomorium coccineum,,
organism:da9ce7b510cf,Zanthoxylum bungeanum,Zanthoxylum bungeanum,,
organism:6a49363e0c95,Rhizopus,Rhizopus,,
organism:339dad7a07f2,Commiphora africana,Commiphora africana,,
organism:c92a3de4f2a9,Bacillariophyta,Bacillariophyta,,
organism:c8b3104061f5,Morus nigra,Morus nigra,,
organism:52aeeac45cc4,Asparagopsis taxiformis,Asparagopsis taxiformis,,
organism:68e85fc35a7d,Eucheuma denticulatum,Eucheuma denticulatum,,
organism:e4f4791df66b,Ula lactuca,Ula lactuca,,
organism:c0184c5ddf1b,Hirsutella sinensis,Hirsutella sinensis,,
organism:cbb26987e888,Buddleja officinalis,Buddleja officinalis,,
organism:377281362995,Tuber melanosporum,Tuber melanosporum,,
organism:b73b967c0622,Bambusa vulgaris,Bambusa vulgaris,,
organism:1e67712cd938,Gynura procumbens,Gynura procumbens,,
organism:7637236c11bf,Lilium lancifolium Thunb.,Lilium lancifolium Thunb.,,
organism:4d722996567b,Strongylocentrotus purpuratus,Strongylocentrotus purpuratus,,
organism:077cb232c006,richoloma matsutake,richoloma matsutake,,
organism:556464986e1a,Sargassum natans,Sargassum natans,,
organism:3dec7298828d,Nerium oleander,Nerium oleander,,
organism:e5a970b7befe,Sophora flavescens,Sophora flavescens,,
organism:3fd5123b7755,Euphorbia fischeriana,Euphorbia fischeriana,,
organism:ab503124ec76,Spatoglossum asperum,Spatoglossum asperum,,
organism:341fc098cb28,Gentiana crassicaulis,Gentiana crassicaulis,,
organism:fdadaf062de2,Solanum melongena,Solanum melongena,,
organism:a463b4f86a7e,Pleurotus eryngii var. tuoliensis,Pleurotus eryngii var. tuoliensis,,
organism:c60653de47fd,Oryza sativa,Oryza sativa,,
organism:f66ecda188a5,Lilium longiflorum,Lilium longiflorum,,
organism:a1d4bf022b3f,Synsepalum dulcificum,Synsepalum dulcificum,,
organism:882a05ba1df8,Cordyceps militaris SU - 12,Cordyceps militaris SU - 12,,
organism:1033633e4aca,Camellia oleifera Abel.,Camellia oleifera Abel.,,
organism:90bb3caeeda2,Limonium sinense (Girard) Kuntze,Limonium sinense (Girard) Kuntze,,
organism:6942b4c2ae90,Nostoc sp.,Nostoc sp.,,
organism:e35bcbd43336,Ananas comosus L. Merr.,Ananas comosus L. Merr.,,
organism:4ac5af745461,Cyclocarya paliurus (Batal.) Iljinskaja,Cyclocarya paliurus (Batal.) Iljinskaja,,
organism:3699cd0d541c,Glycine max L. Merrill,Glycine max L. Merrill,,
organism:d006989560a1,Amaranthus cruentus,Amaranthus cruentus,,
organism:662a6f9f1378,Epimedium,Epimedium,,
organism:2793b4b99f6c,Momordica charantia L.,Momordica charantia L.,,
organism:a0eab226ad14,Amauroderma rude,Amauroderma rude,,
organism:2ad9f43a8cc5,Opuntia dillenii Haw.,Opuntia dillenii Haw.,,
organism:9a2b0ef748e3,Polygonum molliiforme,Polygonum molliiforme,,
organism:0e7507832403,Hibiscus rosa - sinensis,Hibiscus rosa - sinensis,,
organism:c1644401b326,Lithothamnion muelleri,Lithothamnion muelleri,,
organism:c4761e3b580e,Prunus cerasoides,Prunus cerasoides,,
organism:bb02d3b4c9fb,Hanseniaspora osmophila,Hanseniaspora osmophila,,
organism:6a189329b50b,Gracilaria birdiae,Gracilaria birdiae,,
organism:4217c8bd4b7e,Prunus domestica,Prunus domestica,,
organism:b3a0f04a05df,Auricularia auricular-judae,Auricularia auricular-judae,,
organism:b8302a55715b,Adenophora tetraphylla,Adenophora tetraphylla,,
organism:b30c6282408f,Ziziphus Jujube,Ziziphus Jujube,,
organism:f1d7d26ea0fa,Malus domestica subsp. chinensis,Malus domestica subsp. chinensis,,
organism:1bc73d7de423,Desmarestia distans,Desmarestia distans,,
organism:7b599035ef39,Lessonia vadosa,Lessonia vadosa,,
organism:35ef99332d53,Gigartina skottsbergii,Gigartina skottsbergii,,
organism:ef61030c7592,Eucalyptus globulus,Eucalyptus globulus,,
organism:706f97ae9760,Anacardium occidentale,Anacardium occidentale,,
organism:54d248bf900d,Ferula sinkiangensis,Ferula sinkiangensis,,
organism:1bdb46f0baf8,Salix caprea,Salix caprea,,
organism:882f99798712,odonopsis pilosula var. modesta,odonopsis pilosula var. modesta,,
organism:eb7fa5923104,Pavlova viridis,Pavlova viridis,,
organism:5a8b6e26ec22,Sarcinochrysis marina,Sarcinochrysis marina,,
organism:2c9f314f0061,Endothelium corneum gigeriae Galli,Endothelium corneum gigeriae Galli,,
organism:0124a3c029e5,Cochlospermum tinctorium,Cochlospermum tinctorium,,
organism:7e18f1d82799,Vernonia kotschyana Sch. Bip. ex Walp.,Vernonia kotschyana Sch. Bip. ex Walp.,,
organism:99490470e93c,Echinops,Echinops,,
organism:9cd7592a0e19,Curculionidae,Curculionidae,,
organism:61284bcf1e06,Cyathea medullaris,Cyathea medullaris,,
organism:789294a1fae4,Plantago notata,Plantago notata,,
organism:1d260f7fe718,Punctaria plantaginea,Punctaria plantaginea,,
organism:ebb82eabc07e,Ecklonia radiata,Ecklonia radiata,,
organism:49eeba689ee7,Okra,Okra,,
organism:f552c0a483f7,Phyllostachys acuta,Phyllostachys acuta,,
organism:6d5607c0814f,Agaricus brasiliensis,Agaricus brasiliensis,,
organism:e003f701b7b6,Panax quinquefolium,Panax quinquefolium,,
organism:8f7f23801848,Cyanobacteria,Cyanobacteria,,
organism:50f3595dd3ba,Eucheuma Gelatinae,Eucheuma Gelatinae,,
organism:093637a99905,Flammulina velutipes SF - 06,Flammulina velutipes SF - 06,,
organism:eb00057bf555,Thalassiosira pseudonana,Thalassiosira pseudonana,,
organism:ac26e2d3b26e,Wurfbainia villosa,Wurfbainia villosa,,
organism:e7efe7a86f28,IBSCs,IBSCs,,
organism:077f9d416709,Lilium lancifolium,Lilium lancifolium,,
organism:6f2bbe891904,Astragalus mongolicus,Astragalus mongolicus,,
organism:bd0870e0d0f4,Retama raetam,Retama raetam,,
organism:a88d00cc0714,Pullulan,Pullulan,,
organism:f0f3e0d1b748,Paecilomyces hepiali,Paecilomyces hepiali,,
organism:46675c2bfc4b,Ecklonia cava subsp. kurome,Ecklonia cava subsp. kurome,,
organism:8d365a88685e,Actinidia arguta,Actinidia arguta,,
organism:04f6a8a36ba2,Arctium lappa,Arctium lappa,,
organism:fd309453af65,Polygonatum filipes,Polygonatum filipes,,
organism:7c9784448f2f,Platostoma chinense,Platostoma chinense,,
organism:e393858ada3f,Sipha maydis,Sipha maydis,,
organism:b9e7bf04918e,Coreopsis tinctoria,Coreopsis tinctoria,,
organism:393f3488cb96,C. morifolium ‘Huangju’,C. morifolium ‘Huangju’,,
organism:edcedd08ba28,C. morifolium ‘Gongju’,C. morifolium ‘Gongju’,,
organism:8fd8ae2ddce5,C. morifolium ‘Hangbaiju’,C. morifolium ‘Hangbaiju’,,
organism:693d1dbc302d,"Lentinula edodes，Ganodorma lucidum,Tremella fuciformis，Chrysanthemum,Lycium barbarum，Codonopsis pilosula，Poria cocos","Lentinula edodes，Ganodorma lucidum,Tremella fuciformis，Chrysanthemum,Lycium barbarum，Codonopsis pilosula，Poria cocos",,
organism:0c2581e71160,Hymenopellis radicata,Hymenopellis radicata,,
organism:067811fe12a3,Phyllophorus,Phyllophorus,,
organism:1e791a270f15,Physalis,Physalis,,
organism:6254b18e1df2,Plantago sp.,Plantago sp.,,
organism:dde751f224f1,Ligustrum x vicaryi,Ligustrum x vicaryi,,
organism:4524930818b8,Cyclocybe aegerita,Cyclocybe aegerita,,
organism:8c8d478bf783,Malpighia emarginata,Malpighia emarginata,,
organism:9f43bd35ed1e,Gracilaria gracilis,Gracilaria gracilis,,
organism:c792c7b4a4c4,Rosa rugosa,Rosa rugosa,,
organism:37f79207ae1f,Sargassum cinereum,Sargassum cinereum,,
organism:c5a88d4eb7f8,Neopyropia yezoensis,Neopyropia yezoensis,,
organism:66097e36a608,Aspergillus terreus,Aspergillus terreus,,
organism:728464faa164,Alternaria sp.,Alternaria sp.,,
organism:dbf84ca8a263,Labrenzia sp.,Labrenzia sp.,,
organism:f1192295d7b8,Halolactibacillus miurensis,Halolactibacillus miurensis,,
organism:abc296ed3a8f,Polaribacter sp.,Polaribacter sp.,,
organism:0e93b6416f62,Aerococcus uriaeequi,Aerococcus uriaeequi,,
organism:3b76efc4b778,Holothuria fuscogliva,Holothuria fuscogliva,,
organism:3ae1d3c692e4,Carthamus tinctorius L,Carthamus tinctorius L,,
organism:9ced2cead618,Collybia nuda,Collybia nuda,,
organism:afdde252861b,Kosteletzkya pentacarpos,Kosteletzkya pentacarpos,,
organism:8b48f77679cd,Micralges,Micralges,,
organism:ccc87b2344f0,Zea mays subsp. mays,Zea mays subsp. mays,,
organism:b6bd497877ca,Sterculia urens,Sterculia urens,,
organism:b5db89c53108,BianTi Soft,BianTi Soft,,
organism:3ca120682e2d,Nostoc,Nostoc,,
organism:bfd88ba4194f,Vesicularia,Vesicularia,,
organism:434f99decb25,Ficus sycomorus,Ficus sycomorus,,
organism:689a807b73ea,Astragalus sieversianus,Astragalus sieversianus,,
organism:50d553973295,Arachis hypogaea,Arachis hypogaea,,
organism:5e7295a6b71d,Caragana halodendron,Caragana halodendron,,
organism:42d7873aff6a,Onobrychis pulchella,Onobrychis pulchella,,
organism:11e52802532a,Smilax china,Smilax china,,
organism:1a6777c7cd30,Vicia tetrasperma,Vicia tetrasperma,,
organism:9e2a3eb2e969,Colutea orbiculata,Colutea orbiculata,,
organism:7f305d0a46d5,Colutea paulsenii,Colutea paulsenii,,
organism:3c1efbbadadb,Alhagi pseudalhagi,Alhagi pseudalhagi,,
organism:66b9022e05b1,Albizia julibrissin,Albizia julibrissin,,
organism:9571d31c139c,Gymnocladus dioicus,Gymnocladus dioicus,,
organism:453812a8e1f6,Cercis canadensis,Cercis canadensis,,
organism:72506b5e0077,Shiraia,Shiraia,,
organism:257e6ead02ed,Saccharomycopsis fibuligera,Saccharomycopsis fibuligera,,
organism:ba6fcf0bdfb2,Adansonia,Adansonia,,
organism:55eb17b6b6ed,Monoraphidium,Monoraphidium,,
organism:8e3e6e6d0076,Monoraphidium braunii,Monoraphidium braunii,,
organism:749d695b0ae9,Manihot esculenta,Manihot esculenta,,
organism:174897b6abe1,Helicobacter pylori,Helicobacter pylori,,
organism:ec6c58e02e04,Wolfiporia extensa,Wolfiporia extensa,,
organism:faac39481d50,Lupinus angustifolius,Lupinus angustifolius,,
organism:271cd9832a02,Rosa palustris,Rosa palustris,,
organism:927d8fe21fa8,Boswellia,Boswellia,,
organism:a3629ca26585,Guibourtia,Guibourtia,,
organism:dba7bdd5f5cc,Chrysanthemum cinerariifolium,Chrysanthemum cinerariifolium,,
organism:3e62fa08e00b,Cladonia,Cladonia,,
organism:ca01674b98ca,Trichilia emetica,Trichilia emetica,,
organism:991a4d3885b3,Garcinia hanburyi,Garcinia hanburyi,,
organism:4b8690521479,Rhabdastrella globostellata,Rhabdastrella globostellata,,
organism:b86ba09ebea7,Rheum palmatum,Rheum palmatum,,
organism:0bab1c8ad727,Cetraria islandica,Cetraria islandica,,
organism:9ac7f0b1f08a,Ocimum tenuiflorum,Ocimum tenuiflorum,,
organism:6406b268a3b8,Acetobacter,Acetobacter,,
organism:cff3f5584a58,Cryptomonas tetrapyrenoidosa,Cryptomonas tetrapyrenoidosa,,
organism:df080f55ed8e,Cryptomonas,Cryptomonas,,
organism:b424b9221ffc,Lactobacillus sanfranciscensis,Lactobacillus sanfranciscensis,,
organism:20363a41b052,Edwardsiella ictaluri,Edwardsiella ictaluri,,
organism:58e1223c6a5f,Citrobacter youngae,Citrobacter youngae,,
organism:3b3d1fa6d55e,Benincasa hispida,Benincasa hispida,,
organism:83ea38c414c2,Olea europaea,Olea europaea,,
organism:e9cae993e2ab,Animal organs,Animal organs,,
organism:a7aa9abcbc3b,Thermus thermophilus,Thermus thermophilus,,
organism:0a4fbd145fb2,Artemisia capillaris,Artemisia capillaris,,
organism:c51848559f75,Acinetobacter,Acinetobacter,,
organism:292b8511a34f,Schizymenia binderi,Schizymenia binderi,,
organism:29a6631f1dec,Streptococcus agalactiae,Streptococcus agalactiae,,
organism:c7c6be58e5a4,Phyllanthus niruri,Phyllanthus niruri,,
organism:5d74bab91037,Vochysia lehmannii,Vochysia lehmannii,,
organism:88c538d173c7,Lactic Acid Bacteria,Lactic Acid Bacteria,,
organism:5d5c2b93134c,Aeromonas salmonicida,Aeromonas salmonicida,,
organism:5b1577831a7f,Actinobacillus pleuropneumoniae,Actinobacillus pleuropneumoniae,,
organism:3cf0d2675b5f,Juniperus scopulorum,Juniperus scopulorum,,
organism:8752344efa0e,Roccella decipiens,Roccella decipiens,,
organism:6209cff29d20,Solanum lycopersicum,Solanum lycopersicum,,
organism:2ecf3fb33db8,Piper nigrum,Piper nigrum,,
organism:acee6dd79aae,Reishia clavigera,Reishia clavigera,,
organism:e84021b521ed,Coix,Coix,,
organism:70d2292212c5,Asparagus cochinchinensi,Asparagus cochinchinensi,,
organism:24ece9cf4f2c,Philomycus bilineatus,Philomycus bilineatus,,
organism:0ff2f9b43cae,Phellodendron chinese,Phellodendron chinese,,
organism:c4b91d834948,Phlebopus portentosus,Phlebopus portentosus,,
organism:5b5c4a55faf4,Hydrophis curtus,Hydrophis curtus,,
organism:ca0e45f66302,Callinectes sapidus,Callinectes sapidus,,
organism:47d3895cac57,Rana dybowskii,Rana dybowskii,,
organism:005ac54f5971,Stenotrophomonas maltophilia,Stenotrophomonas maltophilia,,
organism:6b55023318b1,Yersinia pseudotuberculosis YPIII,Yersinia pseudotuberculosis YPIII,,
organism:f6153f7c9d55,Salmonella,Salmonella,,
